10 вопросов стоматологу-ортопеду: чек-лист перед консультацией;1
ацеталовый протез: что это, плюсы и минусы, сравнение с нейлоном и акрилом;1
acryfree или quattroti — что лучше? сравнение безнёбных протезов;1
адгезивный мостовидный протез: без обточки соседних зубов;1
искусственный интеллект в ортопедической стоматологии: нейросети, cad/cam, diagnocat;1
акриловый мостовидный протез: когда нужен, плюсы и минусы, срок службы;1
акриловый протез зубов: плюсы и минусы, срок службы, уход, армированный и на имплантах;1
алкоголь и здоровье полости рта: влияние на зубы, дёсны и слизистую;1
all-on-4 — протезирование на четырёх имплантах: что это, плюсы и минусы;1
all-on-6: имплантация с опорой на 6 имплантов;1
аллергия на металл в стоматологии — что делать;1
альтернативы съёмным протезам — современные решения;1
анестезия при имплантации: как обезболивают, какие бывают виды;1
антикоагулянты и стоматология: можно ли протезировать;1
артрит внчс: симптомы, диагностика, лечение;1
атрофия костной ткани челюсти — причины и методы восстановления;1
аттачмены для зубных протезов: виды, что это, уход;1
базальная имплантация: что это, плюсы и минусы, кому подходит;1
безметалловые коронки: виды, плюсы и минусы;1
бисфосфонаты и остеонекроз челюсти — риски, профилактика;1
болит челюсть после протезирования зубов — причины и что делать;1
болит после имплантации зуба: норма или осложнение;1
болит зуб мудрости: причины, что делать, когда удалять;1
болит зуб под коронкой — что делать и какие причины;1
болит зуб под пломбой через время: причины и что делать;1
болит зуб под пломбой: причины, что делать, когда лечить;1
болит зуб после удаления: сколько это норма и когда бить тревогу;1
болит зуб при накусывании и жевании: причины и что делать;1
больно ли менять старые коронки — процесс снятия, больно ли, сложно ли;1
больно ли обтачивать зубы под коронку: что чувствует пациент;1
больно ли ставить коронку на зуб;1
бруксизм и протезирование зубов: влияние скрежета на коронки и протезы;1
бюгельный или съёмный протез — что лучше: сравнение конструкций;1
бюгельный протез: что это, кому подходит, плюсы и минусы;1
бюгельный протез с кламмерами: что это, плюсы и минусы;1
бюгельный протез на замках — плюсы и минусы;1
уход за коронками: что нужно знать;1
уход за съёмным протезом: полное руководство;1
цельнолитой мостовидный протез: плюсы, минусы, этапы изготовления;1
цены на протезирование зубов в нижнем новгороде — обзор;1
частично съёмный протез: что это, виды, плюсы и минусы;1
чем чистить зубные протезы: средства, пасты, таблетки;1
чем отличается имплантация от протезирования: простое объяснение;1
через сколько можно есть после имплантации зубов — сроки и диета;1
почему чернеет десна вокруг коронки и что делать;1
имплант или мост: что лучше, сравнение по цене, сроку и рискам;1
что полезно для зубов и дёсен: продукты, ксилит, прополис;1
что вредно для зубов и эмали: сахар, кофе, кола, брекеты;1
цифровой дизайн улыбки (dsd): что это, этапы, применение в стоматологии;1
циркониевая коронка на жевательный зуб: когда ставить и что лучше;1
циркониевые или металлокерамические коронки: что лучше;1
циркониевый мостовидный протез: эстетика и прочность без металла;1
дентофобия: как лечить зубы, когда страшно до паники;1
десна опухла вокруг коронки — что делать;1
десна отошла от коронки — причины и лечение;1
дезинфекция зубного протеза: средства и правила;1
диабет и зубы — как сахарный диабет влияет на полость рта;1
e-max коронки — плюсы, минусы, отзывы, сравнение с металлокерамикой и цирконием;1
эрозия эмали и чувствительность зубов: причины, лечение, профилактика;1
этапы имплантации зуба: пошагово от диагностики до коронки;1
этапы изготовления мостовидного протеза: клинические и лабораторные;1
как проходит протезирование зубов: этапы, сроки, ответы на вопросы;1
первый визит к ортопеду: чего ожидать;1
опухоль на десне и щеке (флюс): что делать, как снять;1
формирователь десны для импланта: зачем нужен, как ставят, сколько носить;1
фтор в зубной пасте: польза, вред, сколько нужно;1
галитоз (неприятный запах изо рта): причины, лечение, профилактика;1
генетическое тестирование на apoe4 в стоматологии: что нужно знать;1
гингивит и кровоточивость дёсен: причины, лечение, профилактика;1
гнатология: диагностика и лечение дисфункции внчс;1
головная боль при дисфункции внчс: причины и лечение;1
хрустит челюсть при жевании и открывании рта: причины и лечение;1
ии для планирования имплантации: как нейросети помогают ставить импланты;1
иммедиат-протезы — что это, показания, этапы изготовления;1
что лучше: имплантация или протезирование зубов — сравниваем методы;1
имплант не прижился: признаки, причины, что делать;1
шатается имплант: причины, что делать, можно ли спасти;1
имплантация под ключ: что входит и как проходит по этапам;1
имплантация по визитам: сколько нужно посещений, этапы лечения;1
выпал имплант вместе с коронкой: что делать, можно ли поставить обратно;1
имплантация при курении: риски, особенности, прогноз;1
имплантация при пародонтите: можно ли ставить импланты;1
имплантация зубов при сахарном диабете: можно ли ставить импланты?;1
противопоказания к имплантации зубов — диабет, остеопороз, курение, возраст;1
срок службы имплантов: сколько служит имплант зуба;1
ирригатор для полости рта: зачем нужен, как выбрать, какой лучше;1
ирригатор vs зубная нить vs щётка: что эффективнее для гигиены;1
изготовление акрилового протеза: этапы в лаборатории, сроки, методы;1
полные съёмные протезы и качество жизни: что показывают исследования;1
как часто нужно посещать стоматолога: график осмотров для взрослых;1
как чистить съёмные протезы — пошаговая инструкция;1
как крепится коронка на имплант: винтовая и цементная фиксация;1
как портится зуб: механизм кариеса и что ускоряет разрушение;1
как правильно чистить зубы: техника, сколько времени, частые ошибки;1
как привыкнуть к съёмным протезам — советы стоматолога-ортопеда;1
как привыкнуть к верхнему протезу: график адаптации по дням;1
как снять зубную боль в домашних условиях: что помогает и что нельзя;1
как выбрать материал коронки — сравнение всех видов;1
как выбрать стоматологию для протезирования зубов — чек-лист;1
как выбрать зубную щётку: жёсткость, размер, обычная или электрическая;1
как выглядит лицо без зубов: старческие изменения и как их обратить;1
какие съёмные протезы лучше — сравнение всех видов и материалов;1
кальций для зубов взрослым — как принимать, норма, эффективность;1
кандидоз полости рта у пациентов с зубными протезами;1
каппы от бруксизма: защита зубов при ночном скрежете;1
керамическая десна — что это, на коронках и протезах, кому нужна;1
керамические или композитные виниры — что лучше: сравнение, отзывы, срок службы;1
керамические вкладки или коронки — что выбрать;1
кислая слюна во рту: причины и что делать;1
китайские импланты: какие есть, отзывы, надёжность, плюсы и минусы;1
кламмера для бюгельных протезов — виды, материалы, уход;1
клкт перед протезированием: зачем нужна конусно-лучевая томография;1
можно ли пить кофе, чай и вино с коронками — останутся ли пятна;1
композитные вкладки — что это, плюсы и минусы, сравнение с пломбой;1
концевой дефект зубного ряда: отсутствие последних жевательных зубов — что делать;1
корега для зубных протезов: инструкция по применению, формы, как использовать;1
корень зуба под коронкой: болит, воспалился, сломался — что делать;1
коронка циркониевая: отзывы пациентов и мнение врача;1
коронка или мост: что лучше выбрать;1
коронка из диоксида циркония — плюсы, минусы, особенности;1
металлокерамическая коронка: отзывы пациентов, плюсы и минусы;1
коронка на имплант: виды, материалы, установка;1
коронка на передний зуб: как выбрать подходящий материал;1
коронка на живой зуб без удаления нерва — можно ли, риски пульпита;1
коронка под десну: что это значит, когда нужна глубоко посаженная коронка;1
коронка шатается — что делать;1
скололась коронка зуба — что делать;1
коронка темнее соседнего зуба: причины и что делать;1
болит зуб под временной коронкой: почему и что делать;1
коронка cerec за один визит: технология, показания, риски;1
какие коронки лучше ставить на жевательные зубы;1
костная пластика перед имплантацией: виды и этапы;1
краевое прилегание коронки: что это и почему это главный критерий качества;1
крем для фиксации протезов — какой выбрать, рейтинг, отзывы;1
ксеростомия (сухость во рту) и протезирование зубов;1
культевая вкладка: когда нужна, как ставится, плюсы и минусы;1
можно ли курить после протезирования зубов;1
лазерная стоматология: что это и зачем она нужна;1
лазерное лечение кариеса: когда не нужна сверловка;1
лечение кариеса: этапы, методы, материалы пломб;1
лечение зубов во сне: седация, наркоз, кому подходит;1
люминиры на зубы: что это, отличие от виниров, срок службы;1
металлокерамический мостовидный протез: плюсы, минусы, срок службы;1
металлокерамика: что это, состав, где применяется, плюсы и минусы;1
микропротезирование зубов: что это, методы, показания;1
мини-импланты для протезирования зубов — что это, плюсы и минусы;1
коды мкб в стоматологии: что означают k02–k08 в вашей карте;1
мостовидный протез на 3 зуба: виды, материалы, цена;1
мост на имплантах — что это, плюсы и минусы;1
мостовидный протез: виды, из чего состоит, этапы изготовления;1
можно ли сохранить корень зуба без удаления: критерии врача;1
можно ли спать с зубным протезом: ночью снимать или нет;1
можно ли делать мрт с зубными имплантами;1
можно ли делать мрт с коронками на зубах;1
наращивание зуба — что это, показания, методы восстановления;1
натирает десна протезом: что делать, как исправить, сколько привыкать;1
навигационная имплантация: что это, этапы, плюсы и минусы, цена;1
нейлон, acryfree или акрил — какой материал для протеза лучше;1
нейлоновые протезы: плюсы и минусы, кому подходят, срок службы, полный и частичный;1
нет одного зуба: имплант, мост или бабочка — что выбрать;1
нейросети для анализа стоматологических снимков;1
нижний зубной протез: особенности и фиксация;1
обточка зубов под коронку: сколько снимают, больно ли, что чувствуешь;1
одномоментная имплантация зубов: что это, этапы, плюсы и минусы;1
оголилась шейка зуба под коронкой — рецессия десны и её последствия;1
окклюзия зубов: что такое правильное смыкание и что делать при нарушениях;1
ортодонтия для взрослых: брекеты vs элайнеры;1
чем отличается стоматолог-ортопед от стоматолога-терапевта;1
осложнения после имплантации зубов — что бывает и как избежать;1
остеопороз и имплантация зубов — риски, особенности, альтернативы;1
отбеливание зубов без чувствительности: все варианты 2025–2026;1
отбеливание до или после протезирования: порядок и правила;1
можно ли отбелить коронку — отбеливание при наличии коронок, мостов;1
отбеливание зубов zoom 4: плюсы и минусы;1
отёк после имплантации: сколько держится, как снять;1
открытый прикус: симптомы, причины, как исправить;1
пародонтит и болезнь альцгеймера: что нужно знать стоматологу-ортопеду;1
пародонтит: лечение, причины, симптомы;1
пародонтит vs гингивит: как отличить и чем лечить;1
патологическая стираемость зубов: лечение и восстановление;1
педиатрическая стоматология: с какого возраста идти к врачу и чего ожидать;1
перебазировка зубного протеза: когда нужна, сколько стоит;1
периимплантит — воспаление вокруг импланта: симптомы, причины, лечение;1
периодонтит: симптомы, лечение, чем отличается от пульпита;1
пластиночные (пластинчатые) съёмные протезы: что это, виды, плюсы и минусы;1
пластмассовая коронка: цена, плюсы, минусы, срок службы;1
выпала пломба: что делать, можно ли отложить, как восстановить зуб;1
почему натирает зубной протез и что с этим делать;1
подготовка к протезированию зубов: что нужно знать;1
как подготовиться к установке коронки: этапы, материалы и уход;1
подвижность зубов: причины, степени, что делать;1
показания и противопоказания к мостовидному протезированию;1
покрывной протез на имплантах: что это, плюсы и минусы;1
полная адентия — что делать, если нет зубов. варианты протезирования;1
чем полоскать рот после удаления зуба: что можно и нельзя;1
можно ли есть после коронки — через сколько можно есть после установки коронки;1
потемнел зуб без боли: почему свой зуб темнеет и что делать;1
изменился прикус после коронок: что делать и когда нужна коррекция;1
прикусил щеку изнутри: чем лечить и когда виноват протез;1
прикусил щеку изнутри: чем лечить рану и когда идти к врачу;1
прикусной шаблон на жестком базисе: показания и этапы изготовления;1
привкус металла во рту от коронки: причины и что делать;1
протез-бабочка: что это, когда ставят, плюсы и минусы;1
протез на балке на имплантах: что это, плюсы и минусы, виды фиксации;1
протез плохо держится — что делать;1
пятна на зубном протезе: почему появляются, как убрать;1
скрипит протез при жевании — причины и что делать;1
протез треснул — что делать, можно ли починить;1
цвет зубных протезов: как подбирают, какой выбрать;1
протез выпадает при еде: почему не держится и что делать;1
полное протезирование без имплантов: когда это оправдано и какие варианты;1
протезирование без обточки зубов: когда возможно, накладки и виниры;1
протезирование без обточки соседних зубов: все варианты;1
протезирование зубов для пожилых: all-on-4 vs съёмный протез;1
протезирование на имплантах — виды, этапы, плюсы и минусы;1
протезирование нижних зубов: виды протезов и их сравнение;1
протезирование передних зубов: эстетические решения и выбор материала;1
протезирование после удаления зуба мудрости: осложнения и восстановление;1
протезирование зубов при беременности — можно ли, риски, рекомендации;1
протезирование при пародонтите — можно ли ставить протезы при воспалении;1
протезирование зубов при пародонтозе: особенности и методы;1
протезирование зубов при сахарном диабете: особенности и риски;1
протезирование зубов при вич: можно ли, особенности, импланты;1
протезирование зубов по омс: кому положено и как получить квоту;1
протезирование зубов при пародонтозе: особенности, риски, выбор конструкции;1
протезирование зубов у курящих пациентов: особенности и риски;1
протезирование зубов в китае: почему едут и что нужно знать;1
протезы без нёба: виды, цены, отзывы;1
съёмные протезы и апноэ сна: нужно ли снимать протезы на ночь;1
протезы и питание пожилых: почему беззубость ведёт к недоеданию;1
съёмные протезы и пневмония: почему пожилым важно ухаживать за протезами;1
зубные протезы нового поколения: что изменилось за последние годы;1
противопоказания к протезированию зубов: абсолютные и временные;1
психологическая адаптация к зубным протезам: как привыкнуть;1
птеригоидные импланты: что это, плюсы и минусы, кому подходят;1
лечение пульпита: этапы, больно ли, что будет если не лечить;1
quattroti (квадротти) протезы — что это, плюсы и минусы;1
рак полости рта и предраковые состояния: почему осмотр у стоматолога важен;1
рецессия десны: почему оголяются корни зубов и что делать;1
рецессия десны после отбеливания: причины и что делать;1
ремонт зубного протеза: где отремонтировать, трещины, сколы, поломки;1
рентген в стоматологии: безопасно ли, сколько снимков можно делать;1
эстетическая реставрация зубов: методы и материалы;1
ретинированный зуб мудрости: что это, чем опасен, удалять или нет;1
щель между коронкой и зубом: причины и что делать;1
седация и наркоз в стоматологии — что выбрать при протезировании;1
сэндвич-протез: что это, кому подходит и в чем особенности;1
шатается коронка на импланте: причины и что делать;1
шатается зуб — что делать: причины, степени подвижности, лечение;1
шинирование зубов: виды, показания, сколько держится;1
бюгельный протез с шинированием: показания, конструкция, цена;1
штампованно-паяный мостовидный протез: что это и чем отличается от литого;1
силиконовые протезы: что это, плюсы и минусы, сравнение с нейлоном и акрилом;1
синус-лифтинг: что это, виды, этапы операции, противопоказания;1
сколько делают коронку на зуб: сроки изготовления;1
сколько можно ходить без зубов и почему не стоит откладывать;1
сколько служит коронка из металлокерамики на самом деле;1
сколько служит пломба на зубе: срок по материалам и признаки замены;1
сколько стоит коронка на зуб в нижнем новгороде;1
скуловая имплантация (zygoma): что это, плюсы и минусы, кому подходит;1
слепки зубов в ортопедии: массы, индивидуальная ложка и цифровой сканер;1
густая и вязкая слюна: причины и что делать;1
как слюна влияет на фиксацию и срок службы зубных протезов;1
снятие оттиска альгинатной массой: методика, показания и особенности;1
абатменты для имплантов: виды, материалы, как выбрать;1
сравнение систем имплантов: osstem, mis, straumann, nobel;1
срок окончательной нагрузки на имплант: когда ставят коронку;1
срок службы зубных протезов — таблица по материалам;1
сколько служат виниры: срок службы керамических и композитных;1
стоматит во рту: виды, симптомы, чем лечить, как быстро вылечить;1
стоматолог при беременности: лечение, безопасность, сроки;1
стоматологический страх: как преодолеть перед визитом;1
влияние стресса на зубы и дёсны — бруксизм, стираемость, сухость;1
сухость во рту (ксеростомия): причины, чем опасна, как лечить;1
съёмный протез на один зуб: когда нужен, плюсы и минусы;1
телескопические коронки — что это, показания, этапы изготовления;1
темнеет зуб под коронкой — причины и что делать;1
temp bond в стоматологии: свойства цемента и применение для временной фиксации;1
титан или цирконий для имплантов: что лучше, сравнение, отзывы;1
тотальное протезирование зубов: когда нужно и как проходит полное восстановление;1
цифровая улыбка: как работает dsd (digital smile design);1
уход за бюгельным протезом — правила чистки и хранения;1
уход за мостовидным протезом: гигиена, чистка, ирригатор;1
уход за винирами: чем чистить, что нельзя, как продлить срок службы;1
уход за зубами после 60: гайд по гигиене, препаратам и визитам;1
уход за зубными имплантами: как сохранить их на 20+ лет;1
как чистить зубные протезы: съёмные и несъёмные, в домашних условиях;1
как ухаживать за коронками из диоксида циркония;1
уход после протезирования: как продлить срок службы коронок, мостов и имплантатов;1
съёмный протез на верхнюю челюсть: какой лучше выбрать — сравнение видов;1
верхний протез на присосках: как работает и когда теряет фиксацию;1
виды прикусных шаблонов в стоматологии: для чего и как используются;1
виды прикусов и их влияние на протезирование;1
виды зубных коронок: материалы, сравнение, как выбрать;1
виды зубных протезов: классификация, сравнение, как выбрать;1
винир на зуб с пломбой: когда можно ставить, а когда нужна коронка;1
виниры без препарирования: что это, сколько стоит, сколько служат;1
виниры: что это такое, кому подходят, плюсы и минусы;1
виниры или коронки — что выбрать: сравнение, плюсы и минусы;1
виниры на передние зубы: какие лучше, сколько стоят;1
как протезирование влияет на височно-нижнечелюстной сустав — боль, хруст, щелчки;1
меняется ли вкус после протезирования: почему еда кажется безвкусной;1
влияние воспаления на метаболизм психотропных препаратов: взгляд стоматолога-ортопеда;1
внутриротовое сканирование зубов: что это, как проходит;1
воспалилась десна над коронкой — причины, симптомы, лечение;1
воспалилась десна под коронкой — что делать;1
восстановление одного зуба: сравнение всех методов;1
восстановление зуба на штифте: показания, этапы, плюсы и минусы;1
восстановление зуба при полном разрушении коронковой части: современные протоколы и материалы;1
временные коронки — зачем нужны и почему их нельзя пропускать;1
временный протез — сколько можно носить, зачем нужен, когда менять;1
выпадение зубов: причины, можно ли предотвратить, последствия;1
выпала коронка — что делать;1
высота прикуса: почему снижается, чем опасно и как восстанавливают;1
японский протез для зубов: что это, плюсы и минусы;1
зачем чистить язык: польза, техника, скребок или щётка;1
зачем нужен зубной имплант: польза, альтернативы, когда он нужен;1
замена коронки на зуб: когда нужна и как проходит;1
запах из-под коронки: причины, что делать, как убрать;1
как здоровье полости рта влияет на весь организм;1
золотые коронки на жевательные зубы — плюсы, минусы;1
зуб под коронкой гниет — что делать;1
зуб удалять или восстанавливать — что лучше в вашей ситуации;1
зубной камень — причины, последствия, удаление и профилактика;1
зубной налёт: почему появляется, чем опасен, как убрать и предотвратить;1
протезирование зубов пожилым людям: какие протезы лучше после 60 лет;1
зубы по номерам в стоматологии: как врачи нумеруют зубы и как понять запись;1
зубы после 50 лет — как сохранить и восстановить;1
что взять с собой на консультацию;1
как подготовиться к консультации;1
пример хорошего плана лечения;1
10 вопросов, которые стоит задать ортопеду;1
чего спрашивать не стоит;1
как понять, что ответы хорошие;1
частые вопросы о консультации ортопеда;1
что такое ацеталовый протез;1
главное отличие от других протезов;1
кому подходит ацеталовый протез;1
плюсы ацеталового протеза;1
минусы ацеталового протеза;1
сравнение с другими видами съёмных протезов;1
ацеталовый или нейлоновый: что выбрать;1
как ухаживать за ацеталовым протезом;1
сколько служит ацеталовый протез;1
частые вопросы об ацеталовых протезах;1
что значит «безнёбный протез»;1
что такое acryfree;1
что такое quattroti;1
сравнительная таблица;1
когда выбрать acryfree;1
когда выбрать quattroti;1
уход за безнёбным протезом;1
сравнение с акриловыми и нейлоновыми протезами;1
частые вопросы;1
вывод;1
что такое адгезивный мостовидный протез;1
показания;1
плюсы и минусы;1
срок службы и частые проблемы;1
как проходит установка;1
уход за адгезивным мостом;1
сравнение с классическим мостом и имплантом;1
часто задаваемые вопросы;1
адгезивный мост у подростков: почему это стандартное решение;1
что происходит с крыльями через годы: честный прогноз;1
сегментация клкт (diagnocat);1
автоматический дизайн коронок;1
планирование имплантации;1
cad/cam с элементами ии;1
диагностика патологий;1
ограничения и перспективы;1
что это значит для пациента;1
что ии уже делает в ортопедической стоматологии сегодня;1
чего ии пока не делает (и не сделает скоро);1
что такое акриловый мостовидный протез;1
когда ставят акриловый мост;1
плюсы акрилового моста;1
минусы акрилового моста;1
чем отличается от металлопластмассового моста;1
сколько служит и как продлить срок;1
акриловый мост или имплант;1
акриловый мост как бюджетный протез: что важно понимать;1
как изготавливают акриловый мост;1
частые проблемы и их решения;1
что такое акриловый протез;1
акриловый протез на верхнюю и нижнюю челюсть;1
акриловый протез на имплантах;1
виды акриловых протезов;1
плюсы акриловых протезов;1
минусы акриловых протезов;1
сколько служит акриловый протез;1
акрил или нейлон;1
уход за акриловым протезом;1
как алкоголь действует на полость рта;1
алкоголь и потеря зубов;1
влияние на дёсны и пародонт;1
риск рака полости рта;1
что делать, чтобы снизить риски;1
алкоголь и протезирование: что важно знать до установки конструкций;1
алкоголь и заживление: почему хирург просит подождать;1
почему от алкоголя теряют зубы;1
кому подходит all-on-4;1
как all-on-4 отличается от классической имплантации;1
этапы лечения all-on-4;1
плюсы all-on-4;1
минусы all-on-4;1
all-on-4 или all-on-6: что лучше;1
как устроен протез all-on-4 изнутри;1
первый год с all-on-4: чего ждать по месяцам;1
гигиена под протезом: ежедневный минимум;1
кому all-on-4 не подходит;1
прогноз и срок службы;1
что такое all-on-6;1
этапы имплантации all-on-6;1
сравнение all-on-4 и all-on-6;1
преимущества и недостатки;1
вопрос-ответ;1
что такое аллергия на металл в стоматологии;1
какие металлы используют в стоматологии;1
симптомы аллергии;1
диагностика аллергии;1
что делать, если аллергия подтвердилась;1
профилактика для аллергиков;1
частые вопросы об аллергии на металл;1
сравнительная таблица: съёмный протез vs альтернативы;1
all-on-4 и all-on-6 — полная фиксация на четырёх имплантах;1
мосты на имплантах;1
адгезивный мост;1
бюгельный протез — несъёмная альтернатива;1
биосовместимость материалов альтернативных конструкций;1
когда что выбирать — клинический алгоритм;1
почему имплантация безболезненна;1
как проходит обезболивание;1
виды анестезии;1
какие препараты используют;1
что выбрать;1
анестезия при сложных операциях;1
как готовиться к анестезии;1
когда отпустит после операции;1
безопасна ли анестезия;1
какие препараты разжижают кровь;1
можно ли отменять антикоагулянты перед визитом к стоматологу;1
как подготовиться к протезированию;1
что будет делать врач;1
съёмные протезы и антикоагулянты;1
когда к врачу срочно;1
таблица: стоматологические процедуры и антикоагулянты;1
что такое артрит внчс;1
причины артрита внчс;1
симптомы;1
диагностика;1
лечение артрита внчс;1
почему кость уменьшается;1
виды атрофии;1
чем грозит атрофия;1
как диагностируют атрофию;1
методы восстановления кости;1
можно ли имплантировать без наращивания кости;1
мифы об атрофии кости;1
как замедлить атрофию;1
почему имплант останавливает атрофию;1
что такое аттачмены;1
виды аттачменов;1
аттачмены на зубах и на имплантах;1
как работают аттачмены;1
чем аттачмены отличаются от кламмеров;1
как выбрать тип аттачменов;1
срок службы и замена;1
уход за протезом с аттачменами;1
что такое базальная имплантация;1
как проходит процедура;1
отличия от классической имплантации;1
плюсы и минусы базальной имплантации;1
кому подходит базальная имплантация;1
частые вопросы о базальной имплантации;1
имплантация под ключ при атрофии: как выглядит путь пациента;1
почему немедленная нагрузка работает: логика метода;1
базальная или классическая: как выбирают на практике;1
реабилитация: чего ждать в первые недели;1
виды безметалловых коронок;1
циркониевые коронки;1
коронки e-max (дисиликат лития);1
какие безметалловые коронки выбрать;1
металлокерамика vs безметалловые коронки;1
что такое бисфосфонаты и зачем их назначают;1
остеонекроз челюсти — что это;1
что делать перед стоматологическим лечением;1
можно ли ставить импланты на фоне бисфосфонатов;1
безоперационные варианты протезирования;1
что важно запомнить;1
какая боль считается нормальной;1
что происходит при адаптации;1
патологические причины;1
завышение прикуса — самая частая причина;1
боль в внчс после протезирования;1
боль при съёмных протезах;1
что можно сделать дома;1
профилактика;1
почему болит после имплантации;1
сколько болит после имплантации в норме;1
этапы заживления по дням;1
как снять боль после имплантации;1
когда боль — признак осложнения;1
почему болит через неделю или месяц;1
что нельзя делать после имплантации;1
когда имплант полностью заживает;1
почему болит зуб мудрости;1
прорезывание: боль и отёк;1
перикоронарит — почему он так опасен;1
что делать при боли;1
почему боль приходит ночью;1
лечить или удалять;1
верхние и нижние восьмёрки: разница;1
удаление зуба мудрости;1
почему болит зуб под коронкой;1
болит зуб или десна: как отличить;1
что можно сделать дома до визита к врачу;1
как лечат зуб под коронкой;1
можно ли обойтись без снятия коронки;1
о чём говорит характер боли;1
что будет, если терпеть боль под коронкой;1
стоит ли снимать коронку заранее;1
свежая пломба: что нормально;1
старая пломба: почему заболел вылеченный зуб;1
диагностика: как врач находит причину за один визит;1
варианты лечения по диагнозу;1
боль под пломбой ночью: почему усиливается и что делать;1
больно после лечения пломбы — это нормально?;1
боль сразу после пломбирования — норма или нет;1
почему болит зуб под пломбой спустя время;1
боль от горячего и холодного: что означает;1
что делать при боли под пломбой;1
как лечат;1
профилактика боли под пломбой;1
когда вместо пломбы нужна коронка;1
почему зуб под пломбой начинает болеть при простуде;1
можно ли обойтись без удаления нерва;1
сколько болит после удаления зуба в норме;1
почему болит сильнее, чем надо;1
что делать при боли после удаления;1
неприятный запах изо рта после удаления;1
киста после удаления: почему боль возвращается через недели;1
болят соседние зубы после удаления — это нормально?;1
когда срочно к врачу;1
после удаления — что дальше;1
почему болит зуб при накусывании;1
боль при накусывании и боль от температуры: в чём разница;1
почему нельзя терпеть;1
что делать при боли при накусывании;1
как врач ставит диагноз;1
сколько может болеть зуб после лечения;1
когда зуб спасти нельзя;1
когда возникает страх;1
как снимают старую коронку: этапы;1
когда при снятии коронки бывает больно;1
как долго служат коронки;1
можно ли снять коронку без повреждения зуба;1
когда нужно менять коронку;1
что будет, если не менять старую коронку;1
что такое обточка зуба под коронку;1
делают ли анестезию;1
что чувствует пациент во время обточки;1
сколько длится процедура;1
что после процедуры;1
как подготовиться к визиту, чтобы было комфортно;1
частые вопросы об обточке зубов;1
что именно может быть неприятно;1
когда бывает больно;1
из практики;1
после процедуры: что нормально;1
когда это не нормально;1
как облегчить состояние после обточки;1
больно ли ставить коронку на имплант;1
больно ли снимать старую коронку;1
как бруксизм влияет на зубные протезы;1
влияние скрежета на коронки;1
импланты и бруксизм;1
какие материалы подходят пациентам с бруксизмом;1
защитные каппы — обязательное условие;1
гнатологический подход — лечение причины, а не следствия;1
чем отличается бюгельный протез от съёмного;1
таблица сравнения;1
когда выбирают бюгельный протез;1
когда выбирают съёмный протез;1
сводка: какой протез выбрать;1
привыкание к протезу;1
уход за протезом;1
что важно знать перед выбором;1
бюгель на кламмерах или замках: разница, которую чувствуешь каждый день;1
конструкция: из чего состоит;1
показания и противопоказания;1
кламмеры или замки;1
этапы изготовления;1
бюгель vs частичный акриловый: коротко;1
срок службы и уход;1
уход за бюгелем: коротко;1
шинирующий бюгель: отдельный случай;1
когда бюгель придётся менять;1
бюгель на верхнюю и нижнюю челюсть: разница;1
сколько служит бюгель;1
что такое бюгельный протез с кламмерами;1
виды кламмеров;1
кому подходит и кому противопоказан;1
сравнение: кламмерный vs замковый бюгель;1
как изготавливают бюгельный протез;1
привыкание к бюгельному протезу;1
альтернативы при непереносимости металла;1
уход за бюгельным протезом с кламмерами;1
что такое бюгельный протез на замках;1
кому подходит;1
сколько служит;1
почему коронка требует особого ухода;1
ежедневная гигиена;1
чего избегать;1
профессиональная чистка;1
тревожные сигналы;1
срок службы коронок;1
частые вопросы об уходе за коронками;1
почему уход за протезом так важен;1
ежедневный уход: пошагово;1
хранение протеза;1
привыкание и натирания;1
когда обращаться к врачу;1
срок службы протеза и когда его менять;1
частые вопросы об уходе за протезом;1
что такое цельнолитой мостовидный протез;1
кому подходит цельнолитой мост;1
сравнение с металлокерамикой;1
стоит ли экономить на материале;1
когда мост — не лучший выбор;1
уход за цельнолитым мостом;1
почему цены отличаются;1
факторы, влияющие на стоимость протезирования;1
сегменты рынка;1
экономика протезирования;1
биосовместимость и её влияние на стоимость;1
как оценить цену адекватно;1
что такое частично съёмный протез;1
когда нужен частично съёмный протез;1
виды частичных съёмных протезов;1
на чём держится частичный протез: три способа фиксации;1
как привыкнуть к частичному протезу за 2–4 недели;1
плюсы и минусы частичных протезов;1
частичный протез или мост;1
уход за частичным протезом: ежедневный минимум;1
средства для съёмных протезов;1
средства для несъёмных протезов;1
какая паста подходит для акрилового протеза;1
чем чистить нейлоновый протез;1
чем чистить виниры и керамику;1
сравнение средств для чистки;1
чего нельзя использовать;1
профессиональная чистка протезов;1
определения в одну строку;1
как это выглядит на практике;1
кто что делает;1
историческая справка: почему термины путаются;1
сравнение по параметрам пациента;1
три мифа о разнице;1
как выбрать свой маршрут за одну консультацию;1
словарь пациента: кто есть кто в восстановлении зубов;1
первые 24 часа: что и когда можно есть;1
первая неделя: мягкая диета без нагрузки на челюсть;1
вторая — четвёртая недели: переход от пюре к мягкой еде;1
второй — шестой месяцы: после остеоинтеграции;1
что нельзя есть после имплантации — долгосрочные ограничения;1
почему десна вокруг коронки выглядит темной;1
просвечивание металла или воспаление: как отличить;1
когда потемнение — это опасно;1
как убрать темную полосу у коронки;1
можно ли обойтись без замены коронки;1
сколько служит металлокерамика до появления полосы;1
чернеет десна после установки коронки — это нормально?;1
что делает врач на осмотре;1
профилактика потемнения десны;1
как устроены мост и имплант;1
сравнение по ключевым критериям;1
минусы моста;1
минусы импланта;1
когда выбрать мост;1
когда выбрать имплант;1
имплантация под ключ и мост: как считать стоимость честно;1
что происходит с костью под мостом и вокруг импланта;1
особые ситуации: когда выбор очевиден;1
ксилит — сахарозаменитель, который работает;1
молочные продукты и кальций;1
фтор: доказанная защита;1
прополис;1
кокосовое масло и oil pulling;1
мисвак — природная зубная щётка;1
витамины: d, c и группа b;1
что ещё полезно: яблоки, соль и сода — разум;1
полезная диета для зубов: итог;1
зачем нужны прототипы;1
диагностическое восковое моделирование (wax-up);1
цифровое прототипирование (mock-up);1
прототипы в имплантологии;1
как проходит примерка прототипа;1
прототип, прикусной шаблон и примерочные коронки: в чём разница;1
когда без прототипа можно обойтись;1
что чувствует пациент: этапы от слепка до постоянных коронок;1
заключение;1
сладкое: главный враг эмали;1
сладкие напитки: сахар плюс кислота;1
кофе, чай и красное вино: красители;1
чипсы и крахмалистая еда;1
кислоты и «кислые» продукты;1
вред от брекетов;1
фтор: полезен в дозе, вреден в избытке;1
игригатор: не вреден;1
что самое вредное для зубов;1
что такое dsd;1
этапы цифрового дизайна улыбки;1
для чего применяется dsd;1
сравнение dsd и традиционного планирования;1
преимущества dsd;1
показания к циркониевой коронке на жевательный зуб;1
цирконий или металлокерамика на жевательные зубы;1
почему цирконий подходит для жевательной зоны;1
срок службы циркониевой коронки на жевательный зуб;1
уход за циркониевой коронкой на жевательном зубе;1
сравнение с другими материалами: когда цирконий выигрывает;1
что влияет на стоимость циркониевой коронки;1
цена и сравнение с конкурентами;1
чем отличаются цирконий и металлокерамика;1
сравнение в таблице;1
когда выбрать цирконий;1
когда выбрать металлокерамику;1
частая ошибка при выборе;1
срок службы и когда менять коронку;1
цирконий на жевательные зубы: когда оправдано;1
отзывы пациентов: что говорят после установки;1
уход за коронками обоих типов;1
что такое циркониевый мостовидный протез;1
технология изготовления (cad/cam);1
кому подходит циркониевый мост;1
уход за циркониевым мостом;1
монолитный цирконий или облицованный: выбор внутри выбора;1
сколько зубов можно замещать одним циркониевым мостом;1
откуда берётся страх;1
что реально помогает;1
цена избегания;1
протокол первого визита при выраженной дентофобии;1
техники самопомощи перед визитом;1
когда нужна седация;1
цена избегания в цифрах;1
как выбрать клинику под дентофобию;1
дентофобия у детей: не передавайте эстафету;1
почему опухает десна вокруг коронки;1
когда нужно к врачу;1
что сделает врач;1
как понять, что десна отошла от коронки;1
почему десна отходит от коронки;1
чем опасна рецессия;1
что происходит под коронкой, когда десна отошла;1
можно ли восстановить десну хирургически;1
чем дезинфицировать;1
сравнение средств дезинфекции;1
чего нельзя делать;1
как часто дезинфицировать;1
пошаговая инструкция ухода за протезом;1
как диабет влияет на зубы и дёсны;1
диабет и пародонтит;1
уход за полостью рта при диабете;1
протезирование при диабете;1
когда идти к стоматологу;1
сухость во рту при диабете: что делать кроме питья воды;1
неприятный запах изо рта при диабете: две разные причины;1
график стоматологических визитов при диабете;1
что такое e-max;1
как изготавливают коронку e-max;1
плюсы e-max;1
минусы e-max;1
e-max vs другие материалы;1
какой материал выбрать под свой случай;1
уход за коронками e-max;1
что такое эрозия эмали;1
главные источники кислоты;1
как эрозия связана с чувствительностью;1
кто в группе риска;1
лечение эрозии и чувствительности;1
профилактика эрозии;1
эрозия и сколы: как кислота приводит к потере части зуба;1
почему после кислого нельзя чистить зубы сразу;1
диагностика: как врач отличает эрозию от других проблем;1
что происходит на этапе диагностики;1
подготовка полости рта;1
установка импланта — хирургический этап;1
остеоинтеграция — приживление импланта;1
установка формирователя десны;1
снятие слепков и выбор коронки;1
фиксация постоянной коронки;1
сколько времени занимает каждый этап;1
от чего зависят сроки имплантации;1
частые вопросы об этапах имплантации;1
клинические и лабораторные этапы;1
клинические этапы;1
лабораторные этапы;1
финальные клинические этапы;1
сколько времени занимает изготовление;1
что происходит в лаборатории по дням;1
почему временные коронки — не формальность;1
цифровой протокол: скан вместо слепка;1
как устроен процесс протезирования в целом;1
этап 1. диагностика и планирование;1
этап 2. подготовка полости рта;1
этап 3. обточка и снятие слепков;1
этап 4. работа зуботехнической лаборатории;1
этап 5. примерка;1
этап 6. фиксация;1
как ускорить процесс протезирования;1
как записаться на протезирование зубов;1
частые вопросы об этапах протезирования;1
что происходит на консультации;1
что взять с собой;1
сравнение: консультация у ортопеда vs терапевта;1
какие вопросы задать врачу;1
подготовка к визиту;1
источники;1
что такое опухоль в зубе и как она называется;1
почему опухает десна и щека;1
симптомы: как понять, что это флюс;1
как снять опухоль в домашних условиях — что реально помогает;1
что нельзя делать при опухоли зуба;1
когда нужно срочно к стоматологу;1
зачем нужен формирователь десны;1
как ставят формирователь десны;1
больно ли ставить и снимать формирователь;1
сколько носить формирователь десны;1
формирователь десны и одномоментная имплантация;1
что можно и нельзя делать с формирователем;1
почему коронку ставят не сразу: связь этапов;1
больно ли потом ставить коронку на имплант;1
зачем фтор в зубной пасте;1
какой фтор в пасте считается нормальным;1
может ли фтор навредить;1
кому пасты с фтором не подходят;1
фтор и протезирование;1
сколько фтора нужно: дозировки по возрастам;1
фтор против «безфторных» альтернатив: что говорят исследования;1
почему появляется запах изо рта;1
виды запаха и что они означают;1
зубной камень как причина запаха;1
галитоз при протезах;1
как определить, есть ли запах;1
когда запах не связан со ртом;1
как лечат галитоз;1
что делать до визита к врачу;1
что такое apoe4 и как он работает;1
связь apoe4 с пародонтитом;1
влияние apoe4 на имплантацию и протезирование;1
кому рекомендовано тестирование;1
как проводится тестирование;1
этические аспекты;1
практические рекомендации для пациентов;1
что делать после получения результатов;1
что такое гингивит;1
гингивит и пародонтит — в чём разница;1
насколько это распространено;1
причины кровоточивости дёсен;1
почему кровоточат дёсны при чистке;1
кровоточивость при коронках и протезах;1
чем опасен запущенный гингивит;1
как лечить гингивит;1
профилактика гингивита;1
что такое гнатология;1
когда нужен гнатолог;1
методы диагностики;1
методы лечения;1
связь гнатологии с протезированием;1
как внчс связан с головной болью;1
почему хрустит челюсть;1
хрустит челюсть при жевании;1
хрустит челюсть при открывании рта;1
хрустит челюсть с одной стороны;1
чем опасен хруст без лечения;1
к какому врачу идти, если хрустит челюсть;1
что делать при хрусте в челюсти;1
как диагностируют;1
профилактика хруста в челюсти;1
как ии планирует имплантацию;1
3d-моделирование и виртуальная установка;1
хирургические шаблоны;1
преимущества ии-планирования;1
что такое иммедиат-протез;1
показания к установке;1
отличия от обычного съёмного протеза;1
сравнение иммедиат-протезов и обычных;1
адаптация и уход;1
клинический протокол;1
как выглядит жизнь с иммедиат-протезом: первые месяцы;1
перебазировка: почему без неё иммедиат-протез не работает;1
что дальше после иммедиат-протеза: варианты постоянной замены;1
сравнение имплантов и протезов;1
когда выбрать протез;1
кому какой вариант подходит: клинические ситуации;1
как понять, что имплант не прижился;1
когда проявляется отторжение;1
почему имплант может не прижиться;1
отторжение или осложнение: как отличить;1
что делать, если имплант не прижился;1
повторная имплантация после отторжения;1
сколько ждать до повторной установки;1
как снизить риск отторжения;1
почему имплант шатается;1
имплант шатается после установки: через неделю, месяц, полгода;1
имплант шатается, но не болит — это нормально?;1
имплант шатается и болит при надавливании;1
как определить, что шатается именно имплант;1
что делать, если имплант шатается;1
можно ли спасти шатающийся имплант;1
что сделает врач при подвижном импланте;1
как избежать подвижности импланта;1
этапы полного цикла;1
что должно насторожить в предложении «под ключ»;1
почему единый план важнее суммы в рекламе;1
сроки по типам случаев;1
гарантия: что спрашивать до оплаты;1
подготовка к имплантации: что входит до операции;1
жизнь после имплантации под ключ;1
этап 1. диагностика и план лечения;1
этап 2. костная пластика (если нужна);1
этап 3. установка импланта;1
этап 4. период приживления;1
этап 5. установка формирователя десны;1
этап 6. протезирование — коронка;1
сколько всего визитов;1
типичный календарь по неделям: наглядный пример;1
что можно совместить, чтобы сократить число визитов;1
что именно выпало;1
почему выпадает имплант;1
что делать сразу;1
чего делать нельзя;1
если выпал сам имплант;1
как проходит повторная имплантация;1
что будет, если ничего не делать;1
как ходить без зуба, пока идёт восстановление;1
профилактика выпадения;1
влияние курения на остеоинтеграцию;1
риски отторжения имплантов;1
сравнение приживаемости имплантов;1
рекомендации для курящих пациентов;1
когда имплантация при курении противопоказана;1
что такое пародонтит;1
можно ли ставить импланты при пародонтите;1
подготовка к имплантации;1
особенности имплантации после пародонтита;1
сравнение рисков: имплантация при пародонтите и без;1
послеоперационный период;1
почему диабет влияет на приживаемость имплантата;1
когда имплантация возможна при диабете;1
противопоказания: когда имплантация запрещена;1
протокол имплантации для диабетиков в клинике никитиной;1
читать подробнее;1
абсолютные и относительные противопоказания;1
таблица: что можно, что — с оговорками;1
сахарный диабет и импланты;1
остеопороз и импланты;1
курение и импланты;1
возраст: когда уже поздно;1
что делать, если есть противопоказания;1
абсолютные противопоказания;1
относительные противопоказания: решаются подготовкой;1
сколько служит сам имплант;1
сколько служит коронка на импланте;1
от чего зависит долговечность;1
гарантия на импланты;1
как продлить срок службы импланта;1
что происходит с имплантом через 5, 10 и 20 лет;1
приживаемость имплантов: что говорит статистика;1
признаки, что с имплантом что-то не так;1
зачем нужен ирригатор;1
кому особенно нужен ирригатор;1
как выбрать ирригатор;1
сравнение популярных моделей;1
что делает каждый инструмент;1
когда каждый инструмент необходим;1
можно ли заменить нить ирригатором?;1
как комбинировать все инструменты;1
межзубные ёршики: маленькие или большие;1
этап 1. снятие слепков в клинике;1
этап 2. отливка моделей в лаборатории;1
этап 3. постановка искусственных зубов;1
этап 4. формовка базиса;1
этап 5. полимеризация;1
этап 6. распаковка и удаление литников;1
этап 7. шлифовка и полировка;1
этап 8. сдача протеза пациенту;1
как отличить качественный протез;1
частые вопросы об изготовлении протеза;1
как измеряют качество жизни;1
цифровые протезы против классических;1
влияет ли схема окклюзии;1
один имплант под нижний протез: 5 лет наблюдения;1
лечение стоматита улучшает качество жизни;1
почему раз в полгода;1
кому нужны осмотры чаще — раз в 3–4 месяца;1
что входит в профилактический осмотр;1
как часто ходить при протезах;1
график визитов по состоянию полости рта;1
что успевает сделать осмотр за 20 минут;1
экономика профилактики: считаем честно;1
почему важно чистить протез правильно;1
пошаговая инструкция;1
таблица ухода;1
когда нужен новый протез;1
зубная паста для протезов: что реально нужно;1
протез натирает: связь с чисткой;1
ультразвуковая ванночка: стоит ли покупать;1
винтовая фиксация;1
цементная фиксация;1
когда что выбирают;1
ослабленный винт: самая частая «поломка» и её сроки;1
почему тип фиксации определяют до снятия слепков;1
абатмент: недостающее звено, о котором забывают;1
обслуживание при каждом типе;1
цементный периимплантит: скрытая цена цементной фиксации;1
как устроен процесс разрушения зуба;1
стадии разрушения зуба;1
что ускоряет порчу зубов;1
почему зубы быстрее портятся у детей;1
как остановить разрушение;1
техника чистки зубов щёткой;1
сколько чистить зубы;1
зубная нить и межзубные ёршики;1
чистка языка;1
частые ошибки;1
особенности при протезах и коронках;1
техника bass: стандарт чистки по правилам;1
полный арсенал: щётка + помощники;1
что происходит при привыкании к протезу;1
сколько привыкают к съёмным протезам;1
почему болит и натирает;1
как справиться с тошнотой и обильным слюноотделением;1
как восстановить дикцию;1
что есть в первые дни;1
когда нужна коррекция;1
советы для быстрой адаптации;1
частые вопросы об адаптации;1
график по дням;1
рвотный рефлекс: как его обойти;1
еда: последовательность возвращения продуктов;1
три ошибки, растягивающие адаптацию вдвое;1
продукты-помощники и продукты-вредители на адаптации;1
если протез натирает: план действий;1
когда адаптация пошла не так: красные флаги;1
часто задаваемые вопросы (продолжение);1
почему зуб болит;1
что помогает быстро;1
какие обезболивающие работают лучше;1
народные средства: что реально помогает;1
как отличить зубную боль от боли в десне и челюсти;1
что делать нельзя;1
зубная боль у детей и при беременности;1
когда нужно к врачу срочно;1
что сделает врач с вашей болью;1
как предотвратить зубную боль;1
что влияет на выбор материала;1
сравнительная таблица материалов для коронок;1
детальный разбор материалов;1
биосовместимость материалов для коронок;1
какой материал выбрать;1
с чего начинать: не с цены, а с врача;1
диагностическое оборудование: без него протезирование — лотерея;1
зуботехническая лаборатория: кто делает протез;1
гарантия и сервисное обслуживание;1
реальные отзывы и портфолио работ;1
жёсткость щетины;1
размер и форма головки;1
обычная или электрическая;1
монопучковая щётка;1
как часто менять щётку;1
мягкая, средняя или жёсткая: расшифровка щетины;1
головка и ручка: размеры имеют значение;1
электрическая или мануальная?;1
что происходит с лицом поэтапно;1
обратимость: что возвращает лицо;1
зона за зоной: как дефицит зубов читается на лице;1
почему протезирование омолаживает: механика поддержки;1
профиль «до и после»: что показывают контрольные фото;1
психологический эффект восстановления;1
какие бывают съёмные протезы;1
сравнение материалов съёмных протезов;1
съёмные или несъёмные протезы — что лучше;1
какой съёмный протез выбрать — пошагово;1
какой материал самый лучший по отзывам;1
полные съёмные протезы: что выбрать;1
когда нужна перебазировка протеза;1
привыкание и уход за съёмным протезом;1
зачем взрослым кальций для зубов;1
норма кальция для взрослых;1
какие формы кальция лучше усваиваются;1
продукты с кальцием: таблица содержания;1
кальций при беременности и после родов;1
кальций после 50 лет: менопауза и остеопороз;1
кальций при протезировании и имплантации;1
кальций и заболевания дёсен;1
ошибки при приёме кальция;1
чего не сделает кальций;1
мифы о кальции для зубов;1
что такое кандидоз полости рта;1
почему под протезом появляется грибок;1
лечение;1
чем обрабатывать протез при кандидозе;1
что такое каппа от бруксизма;1
виды капп от бруксизма;1
как изготавливают каппу;1
сколько стоит каппа от бруксизма;1
какая каппа нужна именно вам;1
как привыкнуть к каппе;1
защита коронок, мостов и имплантов каппой;1
каппа и уход за зубами;1
как понять, что бруксизм у вас: признаки кроме скрежета;1
каппа при имплантах и протезах: особые правила;1
когда нужна керамическая десна;1
как выглядит керамическая десна;1
керамическая десна или пластика десны;1
как изготавливают конструкцию с керамической десной;1
розовая керамика на имплантах: особая зона применения;1
как техник добивается невидимой границы;1
чем керамика отличается от композита;1
сравнение керамических и композитных виниров;1
кому подходят керамические виниры;1
кому подходят композитные виниры;1
отзывы: что говорят пациенты;1
частые вопросы о выборе виниров;1
сравнение лоб в лоб;1
стратегия композита как «репетиции»;1
inlay, onlay, overlay — в чём разница;1
объём препарирования — ключевое различие;1
долговечность и выживаемость;1
эстетика — визуальная разница;1
биосовместимость материалов;1
стоимость — сравнительная структура;1
клинические рекомендации;1
местные причины в полости рта;1
системные причины;1
что делать по шагам;1
как кислотная среда разрушает зубы: механика;1
диагностика источника по времени симптома;1
что реально работает для нейтрализации;1
лекарства и вкусовые искажения: что проверить в своей аптечке;1
связь кислой среды с протезами и коронками;1
какие китайские импланты есть на рынке;1
надёжность и приживаемость;1
китайские против osstem и mis;1
кому подходят китайские импланты;1
что такое кламмер и зачем он нужен;1
материалы для кламмеров;1
кламмеры или замки — что лучше;1
что такое клкт;1
зачем нужна клкт перед протезированием;1
что показывает снимок клкт;1
как проводится клкт;1
как клкт используется в планировании: от снимка к шаблону;1
клкт, панорама и прицельный снимок: что когда нужно;1
как разные материалы коронок реагируют на красящие напитки;1
что на самом деле окрашивается;1
таблица: влияние напитков на коронки;1
как ухаживать за коронками, если пьёте кофе и чай;1
можно ли курить с коронками;1
кофе и живые зубы рядом с коронкой: скрытая ловушка;1
что ещё окрашивает сильнее кофе: неожиданный список;1
что такое композитные вкладки;1
преимущества композитных вкладок;1
недостатки;1
виды композитных вкладок;1
этапы изготовления непрямой композитной вкладки;1
сравнение: композитная вкладка vs керамическая вкладка vs пломба;1
материалы;1
сколько стоят композитные вкладки;1
уход за композитной вкладкой;1
осложнения;1
что выбрать: пломбу или вкладку;1
что такое концевой дефект;1
почему мостовидный протез невозможен;1
варианты восстановления при концевом дефекте;1
сравнение вариантов при концевом дефекте;1
что выбрать: простые правила;1
что будет, если не восстанавливать жевательные зубы;1
частые вопросы о концевом дефекте;1
зачем нужны средства корега;1
формы выпуска кореги;1
как пользоваться фиксирующим кремом;1
как снимать протез после крема;1
как пользоваться таблетками для очистки;1
уход за протезом: полная схема;1
когда крем не поможет;1
почему болит корень зуба под коронкой;1
симптомы проблем с корнем;1
как лечат корень зуба под коронкой;1
киста на корне под коронкой;1
сломался корень зуба под коронкой;1
профилактика проблем с корнем;1
как врач ставит диагноз: путь от жалобы до снимка;1
прогноз: когда корень спасается, а когда честнее удалить;1
что хвалят в циркониевых коронках;1
что критикуют пациенты;1
сравнение: цирконий и металлокерамика;1
кому подходят циркониевые коронки;1
уход за циркониевыми коронками;1
мифы о циркониевых коронках;1
почему цирконий просвечивает;1
коронка;1
мост;1
сравнение: коронка на импланте и мост;1
что такое диоксид циркония;1
плюсы коронок из диоксида циркония;1
минусы и ограничения;1
монолитный и мультислойный цирконий — в чём разница;1
как ставят циркониевую коронку;1
кому подходят коронки из диоксида циркония;1
сравнение с другими материалами;1
когда к врачу;1
плюсы, которые отмечают пациенты;1
что критикуют;1
сравнение металлокерамики с другими материалами;1
мнение врача;1
виды коронок на имплант;1
сравнение материалов;1
этапы установки коронки на имплант;1
что учитывают при выборе;1
материал коронки: эстетика и биосовместимость;1
цифровые технологии и планирование;1
наследственные дефекты эмали;1
практические рекомендации при выборе коронки;1
сроки изготовления;1
как выбрать материал для переднего зуба;1
когда нерв удалять обязательно;1
когда можно оставить зуб живым;1
как ставят коронку на живой зуб: этапы;1
риски: пульпит после коронки;1
что говорят исследования;1
таблица: живой vs депульпированный зуб под коронкой;1
что значит «коронка под десну»;1
когда коронка под десну нужна;1
риски глубокой посадки коронки;1
как ухаживать за коронкой под десной;1
глубина посадки: где проходит граница разумного;1
показания к глубокому поддесневому краю;1
как контролируют здоровье глубокой посадки;1
почему коронка начинает шататься;1
коронка шатается, но не выпадает: что это значит;1
как понять: шатается коронка или зуб под ней;1
коронка на импланте шатается — отдельный случай;1
можно ли укрепить коронку дома;1
почему нельзя откладывать;1
почему коронка может сколоться;1
виды сколов и что делать;1
чем опасен скол;1
методы ремонта;1
скол металлокерамической коронки;1
скол коронки на импланте;1
скол временной коронки;1
профилактика сколов;1
почему коронка темнее соседних зубов;1
что говорят исследования о подборе цвета;1
темнеет ли коронка со временем сама;1
можно ли отбелить коронку;1
когда нужна замена коронки;1
как выбирают цвет коронки: шкала и живые зубы рядом;1
цирконий или металлокерамика для передних зубов: взгляд через цвет;1
почему возникает боль под временной коронкой;1
когда боль — норма;1
что делать, пока нет возможности прийти;1
временная и постоянная коронка: почему болят по-разному;1
как ведёт себя правильно сделанная временная коронка;1
чего нельзя делать с временной коронкой;1
как это работает — по шагам;1
когда cerec не подходит;1
материалы и стоимость в нижнем новгороде;1
сравнение: cerec за 1 визит vs классическая коронка за 2 визита;1
реальный кейс;1
как проходит визит cerec по часам;1
кому cerec подходит идеально;1
рейтинг материалов для жевательной группы;1
почему жевательные зубы ломают коронки чаще;1
опорные коронки под мост: требования выше;1
каппа: страховка любой конструкции на жевательной группе;1
сравнение материалов: сводная таблица;1
почему костная ткань убывает после потери зуба;1
виды костной пластики;1
кому показана и кому противопоказана костная пластика;1
как проходит операция;1
восстановление и сроки установки импланта;1
почему зазор так опасен;1
как обеспечивается точность;1
признаки проблемного прилегания уже стоящей коронки;1
стандарты зазора: что считается нормой;1
как врач проверяет прилегание на примерке;1
цемент: невидимый герой конструкции;1
что делает коронку дорогой в плохом смысле;1
краевое прилегание у мостов: ставка выше;1
связь с десной: контур, который надо сохранить;1
когда нужен фиксирующий крем;1
виды фиксирующих средств;1
сравнение популярных марок;1
как правильно наносить крем;1
как удалить крем;1
почему возникает сухость во рту;1
как сухость во рту влияет на зубные протезы;1
опасна ли сухость для своих зубов;1
рекомендации для пациентов с ксеростомией;1
когда обратиться к врачу;1
что такое культевая вкладка;1
когда вкладка нужна;1
виды вкладок;1
как ставят вкладку;1
вкладка или штифт;1
вкладка под коронку: как связаны эти два этапа;1
этапы изготовления по визитам;1
возможные осложнения и как их избегают;1
как курение влияет на полость рта;1
курение после имплантации;1
курение после коронок и мостов;1
курение со съёмными протезами;1
что будет, если закурить сразу;1
как снизить вред, если не можете бросить;1
что лечит лазер в стоматологии;1
как проходит лазерная дезинфекция десен;1
лазер или классический метод;1
есть ли боль;1
стоимость лазерных процедур;1
когда лазер не поможет;1
где лазер реально лучше бормашины;1
где лазер — маркетинг, а не необходимость;1
как лазер удаляет кариес;1
когда лазер подходит: поверхностный и средний кариес;1
когда лазер не поможет: глубокий кариес и реставрации;1
лазер vs бор: сравнение;1
больно ли лазерное лечение;1
скорость и стоимость;1
доступность лазерного лечения в нижнем новгороде;1
что нужно знать пациенту;1
стадии кариеса;1
этапы лечения кариеса;1
материалы пломб;1
когда кариес требует лечения каналов;1
стадии кариеса и лечение каждой;1
как проходит установка пломбы: по шагам;1
седация или наркоз — в чём разница;1
кому показано лечение во сне;1
как проходит лечение во сне;1
безопасно ли это;1
преимущества лечения во сне;1
седация при имплантации и протезировании: когда она оправдана;1
как подготовиться к лечению во сне: чек-лист;1
чем люминиры отличаются от обычных виниров;1
как устанавливают люминиры;1
сколько служат люминиры;1
что влияет на стоимость люминиров;1
люминары: что это технически;1
кому люминар подходит идеально;1
честные ограничения;1
что такое металлокерамический мостовидный протез;1
когда ставят металлокерамический мост;1
сравнение с циркониевым мостом;1
почему металлокерамика до сих пор самый популярный мост;1
когда тёмная полоска у десны становится проблемой;1
состав: каркас плюс облицовка;1
где применяется;1
аллергия на металлы: что важно;1
металлокерамика vs цирконий: коротко;1
срок службы;1
как ставят: этапы коротко;1
уход за металлокерамикой;1
когда металлокерамику меняют;1
что такое микропротезирование;1
методы микропротезирования;1
сравнение методов микропротезирования;1
показания к микропротезированию;1
что такое мини-импланты;1
чем отличаются от классических;1
преимущества;1
уход после установки;1
зачем пациенту код мкб;1
k02 — кариес;1
k03 — другие болезни твёрдых тканей;1
k04 — пульпа и верхушка корня;1
k05 — гингивит и пародонтит;1
k06–k08: десна, прикус, потеря зубов;1
k00–k01 и k07: развитие, прикус, ретенция;1
ошибки кодирования: что должно насторожить;1
как читать запись в карте;1
мкб-11: что меняется;1
что такое мост на 3 зуба;1
виды мостов на 3 зуба;1
этапы изготовления моста на 3 зуба;1
сравнение материалов для моста на 3 зуба;1
чем мост на имплантах отличается от обычного;1
как работает мост на имплантах;1
этапы установки;1
сравнение с обычным мостом;1
что такое мостовидный протез;1
виды мостовидных протезов;1
из чего состоит мостовидный протез;1
этапы изготовления мостовидного протеза;1
фиксация мостовидного протеза;1
сравнение: мост или имплант;1
уход за мостовидным протезом;1
временные мостовидные протезы;1
когда корень спасаем;1
инструменты спасения;1
когда честнее удалить;1
диагностический минимум перед решением;1
три сценария спасения корня;1
экономика вопроса честно;1
почему свой корень ценнее импланта: биология;1
частые заблуждения про «мёртвые» корни;1
короткий ответ;1
почему протез снимают на ночь;1
какие протезы можно не снимать на ночь;1
что будет, если постоянно спать с протезом;1
как правильно ухаживать за протезом на ночь;1
как привыкнуть спать без протеза;1
что происходит со слизистой, если спать в протезе годами;1
как правильно снимать на ночь;1
почему импланты безопасны для мрт;1
какие артефакты дают импланты;1
что ещё влияет на снимок: коронка, абатмент, мост;1
как подготовиться к мрт с имплантами;1
частые вопросы об мрт и имплантах;1
физика: почему титан не мешает магнитному полю;1
где артефакты могут помешать диагностике;1
как коронки ведут себя в магнитном поле;1
какие коронки дают артефакты;1
зависит ли от зоны обследования;1
что сказать врачу перед мрт;1
коронки и кт (компьютерная томография);1
какие материалы «видны» на мрт, а какие нет;1
правила пациента перед мрт головы/шеи;1
когда зуб можно нарастить, а когда пора удалять;1
методы наращивания зуба;1
какой метод выбрать;1
способы наращивания по объёму потерь;1
композит vs керамика: что нарастить;1
почему протез натирает;1
что такое «нормальное» натирание, а что нет;1
что делать, если натирает;1
когда идти к врачу;1
что делает врач на коррекции;1
сколько привыкать к протезу;1
как предотвратить натирание в будущем;1
частые вопросы о натирании;1
как проходит навигационная имплантация;1
точность и преимущества;1
кому подходит навигационная имплантация;1
сравнение с классической имплантацией;1
акриловые протезы — классика, но не без минусов;1
нейлоновые протезы — гибкость и эстетика;1
acryfree — термопластика нового поколения;1
кому какой протез подходит;1
сравнительная таблица трёх материалов;1
как выбрать по своей ситуации;1
что такое нейлоновый протез;1
полный и частичный нейлоновый протез;1
плюсы нейлоновых протезов;1
минусы нейлоновых протезов;1
кому подходит нейлоновый протез;1
нейлон, акрил или acryfree: что лучше;1
уход за нейлоновым протезом;1
сравнение четырёх вариантов;1
имплант: когда это лучший выбор;1
классический мост: когда оправдан;1
адгезивный мост и бабочка: ниши;1
алгоритм выбора за минуту;1
что происходит, если зуб не восстанавливать;1
особые случаи;1
бабочка подробно: как носить;1
мост на вкладках: забытый компромисс;1
как нейросети анализируют стоматологические снимки;1
что находит нейросеть на снимках;1
популярные сервисы ии-диагностики;1
точность ии-диагностики;1
анатомические особенности нижней челюсти при протезировании;1
виды нижних зубных протезов;1
биосовместимость материалов для нижних протезов;1
фиксация нижнего протеза: почему он плохо держится;1
ремонт и перебазировка нижних протезов;1
адаптация к нижнему протезу;1
сколько снимают: таблица по материалам;1
больно ли обтачивать живой зуб;1
уступ: зачем ступенька у десны;1
нить перед слепком: неприятно, но недолго;1
временная коронка после обточки;1
что чувствуешь после: норма и отклонения;1
передние или жевательные: разница в обточке;1
ошибки обточки: что бывает;1
жизнь во временной коронке;1
обточка под виниры vs под коронку;1
анестезия при обточке: какая;1
чем одномоментная имплантация отличается от классической;1
когда одномоментная имплантация возможна;1
этапы одномоментной имплантации;1
сравнение с двухэтапной имплантацией;1
сколько стоит и что влияет на цену;1
почему оголяется шейка зуба под коронкой;1
чем опасно оголение шейки под коронкой;1
лечение — что можно сделать;1
профилактика рецессии десны;1
что такое окклюзия простыми словами;1
признаки правильной окклюзии;1
виды нарушений окклюзии;1
как нарушение окклюзии влияет на здоровье;1
как ортопед исправляет окклюзию при протезировании;1
брекеты для взрослых: где они сейчас;1
элайнеры для взрослых (invisalign, 3shape clarity, отечественные);1
сравнение: брекеты vs элайнеры — по реальным параметрам;1
что выбрать? решение по случаям;1
реальный кейс: взрослый 38 лет, нижний новгород;1
особенности ортодонтии у взрослых против детей;1
брекеты или элайнеры: что выбрать взрослому;1
кто такой стоматолог-терапевт;1
кто такой стоматолог-ортопед;1
к кому идти в вашем случае;1
как они работают вместе;1
кто такой стоматолог-хирург и имплантолог;1
кто есть кто в стоматологии: карта специалистов;1
маршруты пациентов: кто первый;1
какие осложнения бывают после имплантации;1
ранние осложнения (норма);1
ранние осложнения (тревожные);1
поздние осложнения;1
как снизить риск осложнений;1
частые вопросы об имплантации;1
что такое остеопороз и почему это важно для стоматологии;1
как остеопороз влияет на остеоинтеграцию;1
можно ли ставить импланты при остеопорозе;1
особый случай: бисфосфонаты и остеонекроз челюсти;1
подготовка к имплантации при остеопорозе;1
альтернативы имплантам;1
рекомендации для пациентов с остеопорозом;1
отчего возникает чувствительность при отбеливании;1
методы без чувствительности: от проверенных к экспериментальным;1
что реально работает из домашнего;1
профилактика чувствительности: 5 вещей, которые можно сделать до отбеливания;1
отбеливание одного зуба: когда оправдано;1
почему после отбеливания зубы чувствительны;1
протокол отбеливания без боли;1
домашнее отбеливание без дискомфорта;1
почему порядок важен;1
когда можно отбелить зубы: таймлайн;1
если протезы уже стоят;1
исключения и особые случаи;1
что выбрать: отбеливание или виниры вместо отбеливания;1
почему коронку нельзя отбелить;1
что происходит при попытке отбелить коронку;1
правильная последовательность: отбеливание до протезирования;1
что делать, если коронка уже стоит, а цвет не совпадает;1
почему коронка может потемнеть;1
таблица: что можно и нельзя делать с коронками;1
почему коронки не отбеливаются: физика материала;1
что принимают за «потемневшую коронку»;1
стратегии для владельцев коронок;1
как работает zoom 4;1
как проходит сеанс отбеливания zoom 4;1
zoom 4 vs другие методы отбеливания;1
домашнее отбеливание или zoom 4;1
плюсы zoom 4;1
минусы zoom 4;1
отзывы пациентов: типичные впечатления;1
кому zoom 4 не подходит;1
подготовка к отбеливанию zoom 4;1
уход после отбеливания;1
стоимость отбеливания zoom 4;1
сколько держится отёк после имплантации;1
как снять отёк после имплантации;1
когда отёк — признак осложнения;1
почему возникает отёк;1
график отёка по дням: когда он норма;1
что реально помогает отёку;1
отёк vs гематома vs абсцесс: различаем визуально;1
что такое открытый прикус;1
причины открытого прикуса;1
последствия открытого прикуса;1
как исправляют открытый прикус;1
чем грозит открытый прикус кроме эстетики;1
лечение по возрастам;1
роль ортопеда после ортодонтии;1
бактерии из десневых карманов: путь в мозг;1
современные методы изучения связи;1
методы изучения связи пародонтита и болезни альцгеймера;1
практические выводы для ортопеда;1
что это за связь: воспаление дёсен и мозг;1
практические следствия для пациентов и семей;1
причины пародонтита;1
стадии пародонтита;1
методы лечения пародонтита;1
как проходит лечение пародонтита в клинике;1
современные методы лечения;1
ключевые различия;1
как переходит гингивит в пародонтит;1
самооценка: кровоточит десна — это гингивит до доказательства обратного;1
диагностика: что отличает одно от другого;1
лечение гингивита;1
лечение пародонтита;1
почему путать гингивит и пародонтит опасно;1
как понять, что стираемость стала патологической;1
чем опасна стёртая эмаль;1
можно ли восстановить стёршуюся эмаль;1
как понять, что зубы стираются;1
какие материалы подходят для восстановления;1
этапы восстановления;1
код по мкб: k03.0;1
чем педиатрическая стоматология отличается от взрослой;1
какой возраст — какой этап;1
профилактика кариеса у детей: 4 столпа;1
серебрение зубов — работает ли?;1
когда ребёнку нужен ортодонт;1
когда нужна перебазировка;1
виды перебазировки;1
сравнение видов перебазировки;1
сколько стоит;1
когда проще сделать новый протез;1
подготовка к перебазировке;1
что такое периимплантит;1
причины периимплантита;1
симптомы периимплантита;1
чем отличается периимплантит от мукозита;1
стадии периимплантита;1
диагностика периимплантита;1
лечение периимплантита;1
хирургическое лечение периимплантита;1
можно ли спасти имплант при периимплантите;1
профилактика периимплантита;1
можно ли спасти имплант;1
что такое периодонтит;1
симптомы периодонтита;1
почему возникает периодонтит;1
как лечат периодонтит;1
сколько лечится и можно ли спасти зуб;1
стадии пародонтита: что видит врач на осмотре;1
комплексное лечение по стадиям;1
поддерживающая терапия: почему лечение не «один раз»;1
что такое пластиночный протез;1
из чего состоит пластиночный протез;1
виды пластиночных протезов по материалу;1
кому подходит пластиночный протез;1
плюсы пластиночных протезов;1
минусы пластиночных протезов;1
сравнение с бюгельным протезом;1
как ухаживать за пластиночным протезом;1
сколько служит пластиночный протез;1
частые вопросы о пластиночных протезах;1
когда ставят пластмассовые коронки;1
сравнение пластмассовой коронки с другими материалами;1
сколько стоит пластмассовая коронка;1
уход за пластмассовой коронкой;1
почему выпадают пломбы;1
чем опасен открытый зуб;1
что делать, если выпала пломба;1
как восстановят зуб;1
почему пломбы выпадают: четыре механизма;1
что делать в первые часы после выпадения;1
что будет на приёме: варианты по ситуации;1
причины по частоте;1
первая помощь при натёртости;1
коррекция в клинике: как это происходит;1
где именно натирает — диагностическая карта;1
индикационный спрей: как врач видит давление;1
профилактика натираний;1
натирание у нового протеза vs старого: разный подход;1
что делать прямо сейчас, если натёрло;1
что входит в подготовку;1
сравнение: сроки подготовки;1
сколько времени занимает подготовка;1
какие врачи нужны;1
диагностика и планирование;1
препарирование и оттиски;1
временные коронки;1
сравнение материалов постоянных коронок;1
полный чек-лист подготовки к коронке;1
сроки по материалам;1
что подготовить к первому визиту;1
нормально ли, когда зуб слегка шатается;1
причины подвижности зубов;1
степени подвижности;1
как диагностируют подвижность;1
что делать при подвижности зуба;1
можно ли спасти подвижный зуб;1
степени подвижности: что фиксирует врач;1
причины подвижности кроме пародонтита;1
шинирование: объединяем подвижные в блок;1
показания к мостовидному протезированию;1
как врач принимает решение;1
что выбрать: мост или имплант;1
достоинства мостовидных протезов;1
недостатки мостовидных протезов;1
что такое покрывной протез;1
как устроена фиксация;1
показания к покрывному протезу;1
плюсы покрывного протеза;1
минусы покрывного протеза;1
покрывной или несъёмный протез;1
уход за покрывным протезом;1
покрывной протез vs обычный съёмный: ключевая разница;1
что даёт сохранение корней под протезом;1
виды покрывных конструкций;1
что такое полная адентия;1
съёмные протезы при полной адентии;1
сравнение вариантов;1
что выбрать при полной адентии;1
как проходит лечение;1
можно ли полоскать рот после удаления зуба;1
чем полоскать после удаления;1
что нельзя делать после удаления;1
что делать, если болит или кровит после удаления;1
почему первые сутки нельзя полоскать вообще;1
чем полоскать со вторых суток;1
техника «ванночки» вместо полоскания;1
временная коронка: через сколько можно есть;1
постоянная коронка: через сколько можно есть;1
что можно есть в первый день;1
что будет, если поесть рано;1
если коронка отклеилась;1
травма: удар с отложенным эффектом;1
мёртвый зуб после удаления нерва;1
тетрациклин, флюороз, возраст;1
причина — решение: таблица;1
розовый зуб: отдельная история;1
винир, коронка или отбеливание: как выбирают;1
профилактика потемнения;1
диагностика: что проверяет врач;1
сколько времени есть на спасение нерва;1
почему меняется ощущение прикуса;1
симптомы завышенного прикуса;1
что делает врач;1
заниженный прикус — обратная ситуация;1
когда коррекция не нужна;1
адаптация к новому прикусу: график ощущений;1
чем опасно жить с завышенным прикусом;1
первая помощь: что делать сразу;1
прикусил щеку после анестезии;1
когда виновата новая коронка или протез;1
прикусил язык: особенности;1
если травма повторяется в одном месте;1
тревожные признаки: когда к врачу обязательно;1
профилактика повторных прикусываний;1
чем полоскать и мазать: разбор средств;1
заживление по дням;1
первая помощь в первые минуты;1
чем обрабатывать для заживления;1
почему прикусываешь одну и ту же место;1
когда нужен врач;1
хроническое прикусывание щеки как медицинская проблема;1
чем опасно игнорирование;1
прикусил язык до крови: особый случай;1
ночные прикусывания: связь с бруксизмом;1
первая помощь: чего делать нельзя;1
еда на период заживления: простая памятка;1
когда рана во рту требует не стоматолога, а терапевта;1
профилактика повторных травм: чек-лист;1
что такое прикусной шаблон;1
зачем нужен жёсткий базис;1
клинические нюансы;1
сравнение с другими методами;1
что вызывает металлический привкус;1
аллергия на металл — редкость;1
симптомы, на которые стоит обратить внимание;1
сравнение материалов по риску привкуса;1
что делать при металлическом привкусе;1
что такое протез-бабочка;1
когда ставят протез-бабочку;1
плюсы протеза-бабочки;1
минусы протеза-бабочки;1
протез-бабочка или имплант;1
уход за протезом-бабочкой;1
бабочка на передний зуб: эстетика в приоритете;1
бабочка на жевательный зуб: возможно ли;1
как устроен протез на балке;1
когда ставится протез на балке;1
плюсы протеза на балке;1
минусы протеза на балке;1
виды фиксации: балка, locator, шаровидные;1
сравнение с покрывным протезом (all-on-4);1
протокол лечения: от имплантации до готового протеза;1
почему протез перестаёт держаться;1
фиксирующие средства: что работает;1
когда фиксирующие кремы не помогают;1
советы для лучшей фиксации;1
диагностика причины за один визит;1
сравнение решений по ситуации;1
почему появляются пятна на протезе;1
как убрать пятна с протеза в домашних условиях;1
когда пятна не снимаются дома;1
как предотвратить пятна;1
виды пятен на протезе и что каждое означает;1
домашняя система против пятен;1
почему протез скрипит при жевании;1
симптомы, которые нельзя игнорировать;1
что делать, если протез скрипит;1
профилактика скрипа протеза;1
почему протез может треснуть;1
можно ли склеить протез дома;1
как происходит ремонт;1
когда ремонт бесполезен;1
что делать, если протез треснул;1
виды повреждений и ремонтопригодность;1
почему нельзя склеивать суперклеем дома;1
профилактика переломов;1
как подбирают цвет протеза;1
шкала vita — стандарт подбора цвета;1
что важно при выборе цвета;1
почему «слишком белые» зубы — плохо;1
как цвет связан с материалом;1
три зоны зуба: почему «один цвет» выглядит искусственно;1
цвет и материал протеза: что влияет на итог;1
отбеливание до протезирования: порядок, который нельзя менять;1
почему протез перестал держаться;1
верхний протез: анатомия проблемы;1
нижний протез: отдельная история;1
экстренные ситуации: что делать прямо за столом;1
профилактика: график обслуживания протеза;1
импланты как окончательное решение проблемы;1
когда протезирование без имплантов действительно лучший выбор;1
4 подхода без имплантов;1
как выбрать? краткий алгоритм;1
можно ли переходить с протеза без имплантов на имплантатный? да;1
все способы протезирования без имплантов: карта решений;1
почему «без имплантов» — легитимный выбор, а не компромисс нищего;1
что значит «протезирование без обточки»;1
какие конструкции ставят без обточки;1
когда без обточки не обойтись;1
плюсы и минусы безобточных конструкций;1
карта решений «без обточки» по ситуации;1
честные ограничения «безобточных» технологий;1
как врач решает: обточка или нет;1
имплантация — единственный способ полностью заместить зуб без контакта с соседними;1
адгезивный мост — фиксация на соседние зубы без препарирования;1
съёмный частичный протез — полное отсутствие обточки;1
мост на внутрикорневых вкладках — обточка только дефекта;1
сравнение методов: что выбрать;1
когда обточка соседних зубов неизбежна;1
что такое all-on-4 и почему его рекомендуют пожилым;1
съёмные протезы для пожилых: виды и особенности;1
сравнение all-on-4 и съёмного протеза;1
когда выбрать all-on-4, а когда съёмный протез;1
особенности протезирования в разном возрасте;1
что важно знать перед протезированием;1
что такое протезирование на имплантах и чем оно отличается от классического;1
кому подходит имплантация;1
этапы протезирования на имплантах;1
виды протезирования на имплантах;1
сравнение видов протезирования на имплантах;1
сравнение с традиционными методами;1
какие материалы используются;1
биосовместимость материалов при имплантации;1
клинический пример;1
осложнения и риски;1
когда имплантация — единственный правильный выбор;1
виды протезов нижней челюсти;1
сравнение видов протезов для нижней челюсти;1
фиксированные протезы: мосты и коронки на имплантах;1
накладные протезы: съёмные конструкции;1
сравнительная оценка по ключевым параметрам;1
особенности протезирования передних зубов;1
материалы для коронок на передние зубы;1
сравнение материалов для передних зубов;1
виниры или коронки;1
как подбирают цвет коронки;1
этапы протезирования переднего зуба;1
почему удаление третьего моляра отличается от других зубов;1
осложнения, которые откладывают протезирование;1
когда начинать протезирование: сроки и этапы;1
варианты протезирования в зависимости от ситуации;1
почему во время беременности страдают зубы;1
когда протезирование безопасно;1
по триместрам;1
какие процедуры можно;1
что делать, если сломался протез или выпала коронка;1
профилактика проблем с зубами при беременности;1
частые вопросы о протезировании при беременности;1
пародонтит и протезирование — почему важна очерёдность;1
этап 1: лечение пародонтита;1
какие протезы подходят при пародонтите;1
чего нельзя делать при пародонтите;1
особенности ухода после протезирования;1
пародонтоз и пародонтит — в чём разница;1
можно ли протезировать зубы при пародонтозе;1
какие протезы подходят при пародонтозе;1
какие протезы не рекомендуются;1
подготовка к протезированию при пародонтозе;1
сравнение конструкций;1
уход за протезами при пародонтозе;1
влияние диабета на ткани полости рта;1
какие конструкции подходят;1
сравнение конструкций для пациентов с диабетом;1
рекомендации для пациентов с диабетом;1
особенности имплантации при диабете;1
можно ли протезировать зубы при вич;1
как вич влияет на полость рта;1
имплантация при вич;1
какие анализы нужны перед протезированием;1
рекомендации по уходу;1
что входит в омс бесплатно;1
кому положено бесплатное протезирование;1
как оформить льготу: пошагово;1
какие конструкции входят в льготную программу;1
частые вопросы про омс и льготы;1
этапность как альтернатива ожиданию;1
материалы по программе против платных: разница на практике;1
чем пародонтоз отличается от пародонтита;1
сравнение конструкций при пародонтозе;1
можно ли ставить импланты при пародонтозе;1
подготовка к протезированию;1
особенности ухода за протезами при пародонтозе;1
коронки и мосты у курящих;1
имплантация у курящих;1
сравнение рисков для курящих;1
съёмные протезы у курящих;1
почему едут;1
риски, о которых говорят меньше;1
как готовиться правильно;1
география и специализация китайских клиник;1
документы, которые нужно привезти домой;1
роль домашнего ортопеда;1
китайские материалы в российских клиниках: отдельная история;1
пошаговый план для тех, кто решил лечиться в китае;1
что такое протез без нёба;1
виды протезов без нёба;1
кому подходят протезы без нёба;1
цены на протезы без нёба в нижнем новгороде;1
отзывы пациентов: типичные ситуации;1
какой протез без нёба выбрать;1
технология изготовления acryfree;1
уход за протезом без нёба;1
почему протезы и сон связаны;1
что показывает систематический обзор;1
рандомизированное исследование качества сна;1
кому снимать протезы на ночь обязательно;1
что делать, если апноэ подтвердилось;1
как беззубость меняет рацион;1
помогают ли протезы нутритивному статусу;1
протезы и качество жизни при приёме пищи;1
что делать родственникам пожилых;1
продукты-помощники: что реально удобно жевать с протезом;1
режим питания при адаптации к протезу;1
как протезы связаны с пневмонией;1
что показал систематический обзор 2022 года;1
данные 2025 года: протезы в домах престарелых;1
дополнительный фактор: давление языка и бактерии;1
правила ухода, которые снижают риск;1
кому особенно важно следить за гигиеной;1
что изменилось против «бабушкиных» протезов;1
карта современных решений;1
протезы без нёба: главная революция комфорта;1
цифровое изготовление: почему новые протезы сидят точнее;1
как выбрать «новое поколение» под себя: маршрут;1
протезы без нёба на верхнюю челюсть: частный запрос;1
общие противопоказания к любому протезированию;1
по видам конструкций;1
временные состояния;1
медицинские состояния: как они влияют на план;1
местные противопоказания полости рта;1
временные состояния, сдвигающие сроки;1
как выглядит честная подготовка к протезированию;1
красные флаги клиники: когда «противопоказаний не бывает»;1
почему возникает дискомфорт;1
сроки адаптации;1
как ускорить привыкание;1
возможные трудности;1
где находится крыловидный отросток;1
зачем нужны птеригоидные импланты;1
кому подходят и кому противопоказаны;1
сравнение с синус-лифтингом;1
технические детали установки;1
альтернативы при аналогичных показаниях;1
faq по птеригоидным имплантам;1
что такое пульпит и почему он возникает;1
симптомы пульпита;1
этапы лечения пульпита;1
почему после лечения каналов нужна коронка;1
чем опасен нелеченный пульпит;1
больно ли лечить пульпит: анестезия и ощущения;1
сколько визитов занимает лечение каналов;1
коффердам и микроскоп: почему это важно;1
как устроен протез quattroti;1
плюсы quattroti;1
минусы quattroti;1
показания к установке quattroti;1
сравнение с acryfree и нейлоном;1
что такое предраковые состояния полости рта;1
насколько велик риск перерождения;1
почему врач-ортопед видит эти изменения;1
факторы риска, которые нужно знать;1
что должно насторожить;1
как проходит обследование;1
что такое рецессия десны;1
причины рецессии;1
почему оголённый корень опасен;1
методы лечения и закрытия;1
как рецессия связана с протезированием;1
стадии рецессии по классификации миллера;1
причины: почему десна «убегает»;1
лечение по причине;1
почему после отбеливания «опускается» десна;1
профилактика следующего отбеливания;1
механизм: почему гель бьёт по десне;1
чувствительность после отбеливания vs рецессия: различаем;1
когда нужна пластика десны;1
кому отбеливание противопоказано вовсе;1
альтернативы отбеливанию при чувствительных зубах;1
где ремонтируют зубные протезы;1
можно ли отремонтировать протез самому, в домашних условиях;1
как отремонтировать трещину протеза у врача;1
какие поломки встречаются;1
что можно починить;1
когда ремонт нецелесообразен;1
сравнение: ремонт или новый протез;1
этапы профессионального ремонта;1
профилактика поломок;1
виды стоматологических снимков и доза облучения;1
как часто можно делать снимки;1
рентген и беременность;1
почему клкт нужен перед имплантацией;1
итог: рентген — союзник, а не угроза;1
чем реставрация отличается от коронки;1
прямая реставрация (композитная);1
непрямая реставрация (вкладки, виниры, накладки);1
сравнение прямой и непрямой реставрации;1
этапы эстетической реставрации;1
когда нужна эстетическая реставрация;1
что влияет на стоимость реставрации;1
что такое ретинированный зуб мудрости;1
виды и положения ретинированного зуба;1
почему зуб мудрости не прорезается;1
чем опасен ретинированный зуб мудрости;1
перикоронит — самое частое осложнение;1
симптомы, при которых нужно к врачу;1
диагностика: почему нужен снимок;1
удалять или оставить;1
как проходит удаление;1
восстановление после удаления;1
что будет, если не удалять;1
почему появляется щель между коронкой и зубом;1
что показывают исследования о краевом прилегании;1
чем опасна щель под коронкой;1
что делать, если появилась щель;1
чего делать не стоит;1
профилактика появления щелей;1
местная анестезия — основной метод;1
седация закисью азота (веселящий газ);1
внутривенная седация;1
наркоз (общая анестезия);1
что выбрать для протезирования;1
безопасность;1
что такое сэндвич-протез и как он устроен;1
кому подходит двухслойная конструкция;1
плюсы и минусы сэндвич-протеза;1
уход и срок службы;1
сэндвич или обычный протез: сравнение по задачам;1
как проходит изготовление: что важно знать заранее;1
три уровня проблемы;1
почему винты раскручиваются;1
что делать прямо сейчас;1
винтовая или цементная фиксация: почему это важно знать;1
периимплантит: когда шатание — симптом воспаления;1
диагностика у врача: что происходит за 20 минут;1
профилактика подвижности: чек-лист владельца импланта;1
почему зуб начинает шататься;1
степени подвижности зубов;1
что делать, если зуб шатается;1
как лечат подвижность зубов;1
шатаются зубы при пародонтите — можно ли спасти;1
что такое шинирование зубов;1
когда нужно шинирование;1
виды шинирования;1
шинирование нижней и верхней челюсти;1
сравнение методов шинирования;1
плюсы и минусы шинирования;1
шинирование или имплантация;1
уход за зубами после шинирования;1
можно ли шинировать здоровые зубы;1
что такое шинирующий бюгельный протез;1
конструкция и виды шинирования;1
преимущества шинирующего бюгеля;1
сравнение с другими способами шинирования;1
что такое штампованно-паяный мостовидный протез;1
технология изготовления;1
сравнение: штампованно-паяный или цельнолитой;1
почему от технологии отказались;1
что делать, если у вас стоит такой мост;1
что называют силиконовым протезом;1
силиконовая подкладка: когда она нужна;1
плюсы силиконовых протезов;1
минусы силиконовых протезов;1
кому подходит силиконовый протез;1
силикон, нейлон или акрил: что лучше;1
уход за силиконовым протезом;1
зачем нужен синус-лифтинг;1
открытый и закрытый синус-лифтинг;1
этапы операции;1
восстановление после операции;1
альтернативы синус-лифтингу;1
этапы изготовления коронки;1
почему нельзя сделать за один день?;1
что влияет на сроки;1
сравнение: классический метод и cad/cam;1
что происходит с челюстью без зуба;1
что будет через год, два и пять;1
почему это важно для протезирования;1
когда идти к врачу сразу;1
цена ожидания: что добавляется к счёту с каждым годом;1
временное решение, если постоянное пока невозможно;1
что сокращает срок;1
что продлевает;1
стадии жизни металлокерамической коронки;1
сравнение с другими материалами по сроку;1
от чего зависит срок конкретно вашей коронки;1
как проходит замена коронки: чего бояться не надо;1
признаки, что коронке пора на осмотр вне графика;1
металлокерамика на опоре моста: срок короче — почему;1
признаки, что пломба доживает;1
хронология износа: что происходит год за годом;1
замена пломбы или вкладка: где проходит граница;1
что врач делает с пломбой на контрольном осмотре;1
факторы, убивающие пломбу быстрее срока;1
вторичный кариес: тихий убийца под пломбой;1
почему у коронок разная стоимость;1
что входит в цену коронки;1
почему в разных клиниках цены отличаются;1
почему цены растут из года в год;1
как не переплатить;1
что выбрать под свой бюджет;1
частые вопросы о стоимости коронок;1
что такое скуловая имплантация;1
кому нужна скуловая имплантация;1
этапы лечения;1
сравнение с альтернативами;1
зачем вообще нужен слепок;1
альгинатные массы: быстро и дёшево;1
силиконовые массы: стандарт точности;1
индивидуальная ложка: когда стандартной мало;1
цифровой сканер: плюсы и границы;1
рвотный рефлекс и слепки: как пережить;1
как вести себя пациенту во время снятия;1
ошибки слепков: как распознать неточный;1
слепки при имплантации: особенности;1
что говорит наука: сканер vs силикон;1
зачем нужна слюна;1
почему слюна становится густой и вязкой;1
густая белая слюна — что это значит;1
густая слюна и ком в горле;1
густая слюна после еды и ночью;1
что делать при густой слюне;1
как лечат густую слюну: что работает;1
влияние на зубы и протезы;1
зачем слюна нужна протезу;1
что показывают исследования;1
ксеростомия — сухость во рту;1
как состав слюны влияет на материалы;1
что делать при сухости во рту;1
слюна и фиксация протеза: физика удержания;1
что делать, если слюна мешает именно вам;1
что такое альгинатный оттиск;1
методика снятия оттиска;1
хранение и заливка;1
альгинат против силикона;1
что такое абатмент и зачем он нужен;1
виды абатментов по материалу;1
стандартные и индивидуальные абатменты;1
сравнение абатментов;1
какой абатмент выбрать;1
уход за абатментом и коронкой на импланте;1
обзор популярных систем;1
как выбрать систему имплантов;1
совместимость и сервис;1
что такое «окончательная нагрузка»;1
стандартные сроки приживления;1
быстрая нагрузка на имплант;1
от чего зависят сроки;1
почему нельзя нагружать имплант раньше времени;1
протоколы нагрузки: от классики до немедленной;1
разница верхней и нижней челюсти в сроках;1
что ускоряет и что тормозит приживление;1
таблица срока службы по материалам;1
коронки: какой материал дольше служит;1
съёмные протезы: реалистичные ожидания;1
имплантные протезы: максимальный срок;1
биосовместимость материалов для протезирования;1
факторы, сокращающие срок службы;1
как продлить жизнь протезу;1
средний срок службы по материалам;1
от чего зависит срок больше всего;1
признаки, что винир пора менять;1
передние или жевательные: где виниры живут дольше;1
что убивает виниры раньше срока;1
винир отклеился целиком — что делать;1
как продлить жизнь винирам;1
керамика vs композит: срок наглядной таблицей;1
что говорит наука: цифры выживаемости;1
замена виниров: как проходит;1
виды стоматита;1
причины возникновения;1
симптомы стоматита;1
чем лечить стоматит;1
профилактика стоматита;1
почему зубы страдают при беременности;1
что безопасно лечить;1
по триместрам: что и когда можно;1
что ограничено или противопоказано;1
гингивит беременных — что это и как управлять;1
почему инфекция опаснее лечения;1
типы стоматологического страха;1
почему страх развивается;1
техники управления страхом;1
что говорить врачу;1
как подготовиться ментально;1
советы для родителей;1
как стресс связан со здоровьем полости рта;1
бруксизм — главная проблема;1
как стресс влияет на дёсны;1
сухость во рту при стрессе;1
что делать;1
протезирование при бруксизме;1
чем опасна сухость для зубов и дёсен;1
гигиена при сухости во рту;1
сухость и протезы;1
что это за протез;1
когда такой протез нужен;1
протез, мост или имплант;1
как ухаживать;1
бабочка, мост или имплант: сравнение для одного зуба;1
почему «пока поставлю бабочку и поживу» работает только временно;1
что такое телескопические коронки;1
когда нужны телескопические коронки;1
преимущества телескопических коронок;1
виды телескопических коронок;1
сравнение: телескопические коронки vs другие виды фиксации;1
как выбрать материал для телескопических коронок;1
уход за протезом на телескопических коронках;1
когда стоит выбрать телескопические коронки;1
почему коронка темнеет — основные причины;1
что делать, если зуб под коронкой потемнел;1
когда нужна замена коронки, а когда можно обойтись;1
зачем нужна временная фиксация;1
состав и механизм действия;1
показания к применению;1
как наносить temp bond;1
удаление temp bond;1
почему нельзя сразу ставить на постоянный цемент;1
титановые импланты;1
циркониевые импланты;1
титан: эталон с 60-летней историей;1
диоксид циркония: эстетика и гипоаллергенность;1
чем тотальное протезирование отличается от полного съёмного протеза;1
когда нужно тотальное протезирование;1
этапы тотального протезирования;1
какие материалы используют;1
тотальное протезирование на имплантах;1
сколько времени занимает тотальное протезирование;1
почему dsd — это не просто "картинка";1
для кого dsd нужен;1
реальный процесс dsd — что происходит за 2–3 недели;1
стоимость dsd в нн;1
что dsd не может;1
исследования и доказательная база;1
почему dsd считается стандартом;1
противоположные мнения;1
faq по dsd;1
почему уход за бюгелем особенный;1
ежедневная чистка — техника и инструменты;1
как правильно чистить бюгель;1
таблетированные очистители;1
ультразвуковая очистка;1
уход за опорными зубами;1
хранение;1
замена кламмеров и аттачментов;1
чем чистить мостовидный протез;1
первый месяц после установки: что изменится;1
ошибки при работе ирригатором;1
чего нельзя делать (дополнение);1
профессиональная гигиена: план на полгода;1
сколько служит мост при хорошем уходе;1
чем чистить виниры;1
что нельзя делать с винирами;1
что делать с красителями и налётом;1
как защитить виниры от сколов;1
как часто показываться стоматологу;1
частые вопросы об уходе за винирами;1
ежедневный уход за винирами: минимум и запреты;1
запретный список: что сокращает жизнь виниров;1
профессиональное обслуживание;1
что меняется с возрастом;1
как правильно чистить зубы после 60;1
какую пасту выбрать;1
ополаскиватели — что работает;1
сухость во рту от лекарств — что делать;1
уход за имплантами и протезами;1
как часто посещать стоматолога;1
что рассказать врачу;1
питание для здоровья зубов после 60;1
почему имплант требует особого ухода;1
ежедневный уход: что делать;1
профессиональная гигиена: как часто?;1
чего категорически нельзя;1
симптомы, требующие срочного визита;1
хронология потери кости при периимплантите;1
практика клиники никитиной м.г.;1
как часто нужно чистить протезы;1
уход за несъёмными протезами;1
уход за съёмными протезами;1
чистка протезов таблетками corega;1
уход по материалу протеза;1
уход за протезами на имплантах;1
чем нельзя чистить протезы;1
уход за бюгельными протезами;1
как часто посещать врача;1
ежедневный уход;1
нужны ли специальные средства;1
как продлить срок службы;1
первые дни после установки;1
частые вопросы об уходе;1
ежедневный уход за циркониевой коронкой;1
чего цирконий боится (и чего нет);1
особенности гигиены при разных типах протезов;1
сравнение подходов к уходу;1
важность профессиональной гигиены;1
почему ирригатор обязателен;1
питание после протезирования;1
уход за имплантатами;1
какие бывают протезы на верхнюю челюсть;1
сравнение съёмных протезов верхней челюсти;1
протез верхней челюсти с нёбом и без нёба;1
какой протез на верхнюю челюсть лучше;1
как держится протез на верхнюю челюсть;1
как привыкнуть к протезу верхней челюсти;1
сколько служит протез верхней челюсти;1
как работает присасывание;1
почему «присоска» перестаёт держать;1
верхняя челюсть против нижней: почему «присоска» работает только сверху;1
уход за «присоской»: сохраняем герметичность;1
когда «присоске» нужна замена на импланты;1
первые недели с полным верхним протезом: график адаптации;1
зачем нужны прикусные шаблоны;1
диагностические прикусные шаблоны;1
прикусные шаблоны на жёстком базисе;1
силиконовые ключи (окклюзионные шаблоны);1
окклюзионные накладки (каппы);1
как выбрать тип шаблона;1
прикус и протезирование: с чего начать;1
физиологический прикус: возможности;1
патологический прикус: особенности работы;1
как прикус влияет на выбор конструкции;1
сравнение методов протезирования при разных типах прикуса;1
что будет, если протезировать без учёта прикуса;1
основные виды коронок;1
цирконий;1
e-max;1
безметалловая керамика;1
цельнолитая металлическая коронка;1
металлопластмасса;1
как выбрать коронку;1
как ухаживать за коронкой;1
две главные группы: несъёмные и съёмные;1
несъёмные зубные протезы;1
съёмные зубные протезы;1
как выбрать вид протеза;1
главное условие: размер и состояние пломбы;1
замена пломбы перед виниром;1
когда вместо винира нужны вкладка или коронка;1
срок службы винира на пломбе;1
уход за виниром на запломбированном зубе;1
как ставят винир на зуб с пломбой: этапы;1
что будет, если поставить винир на плохую основу;1
винир и гарантия на зуб с пломбой;1
как работает безпрепарированный винир;1
когда безпрепарированный винир — правильный выбор;1
когда безпрепарированный винир не подходит;1
что выбрать: безпрепарированный винир или классический;1
материалы и срок службы;1
исследования и цифры;1
расходы vs выгода: сколько экономим на сохранённой эмали;1
трехэтапный контроль качества до и после установки;1
когда безпрепарированный винир может провалиться;1
что такое виниры простыми словами;1
какие бывают виниры;1
кому подходят виниры;1
как ставят виниры — этапы;1
виниры или коронки — что выбрать;1
сколько держатся виниры и как за ними ухаживать;1
винир vs коронка: граница выбора;1
виды виниров по материалу;1
чем отличаются виниры и коронки;1
когда выбирают виниры;1
когда выбирают коронки;1
почему на жевательные зубы ставят только коронки;1
что выбрать: виниры или коронки;1
в чём схожесть виниров и коронок;1
какие виниры лучше для передних зубов;1
показания к винирам на передние зубы;1
как ставят виниры на передние зубы;1
виниры на передние зубы: плюсы и минусы;1
уход за винирами;1
что решают виниры на передних зубах;1
план лечения по визитам;1
строение внчс;1
как протезирование нарушает работу сустава;1
роль гнатологии в протезировании;1
как исправить ситуацию;1
что делать при первых симптомах;1
диагностика сустава перед сложным протезированием;1
симптомы перегрузки внчс после протезирования;1
почему протезы меняют восприятие вкуса;1
что влияет на вкус сильнее — материал или форма;1
сколько длится адаптация;1
когда вкус не возвращается: возможные причины;1
как выбрать конструкцию, чтобы сохранить вкус;1
почему стоматологу важно разбираться в фармакологии;1
как воспаление меняет работу ферментов печени;1
практические выводы для стоматолога;1
особенности планирования имплантации;1
протезирование и протезный стоматит;1
что должен сделать пациент;1
что такое внутриротовое сканирование;1
как проходит сканирование;1
преимущества перед традиционными слепками;1
сравнение: цифровой сканер vs традиционные слепки;1
почему воспаляется десна над коронкой;1
симптомы — когда просто гигиена, а когда к врачу;1
почему воспаляется десна вокруг коронки;1
симптомы: когда это проблема;1
профилактика воспаления;1
коронка на свой зуб — когда корень жив;1
имплант и коронка — полноценная замена корня;1
мост — опора на соседние зубы;1
керамическая вкладка — при частичном разрушении;1
краткое сравнение методов;1
что выбрать — критерии принятия решения;1
когда нужен штифт;1
виды штифтов;1
штифт или культевая вкладка;1
сравнение: стекловолоконный и анкерный штифт;1
осложнения после установки штифта;1
уход за зубом на штифте;1
первичная диагностика: оценка корня и тканей;1
методы восстановления коронковой части;1
сравнение методов;1
роль цифровых технологий и искусственного интеллекта в планировании;1
когда восстановить зуб невозможно;1
зачем нужна временная коронка;1
типы временных коронок;1
сравнение материалов временных коронок;1
биосовместимость материалов временных коронок;1
сколько можно ходить с временной коронкой;1
что будет, если не поставить временную коронку;1
когда временная коронка особенно важна;1
уход за временной коронкой;1
зачем нужен временный протез;1
виды временных протезов;1
сколько можно носить временный протез;1
уход за временным протезом;1
проблемы, с которыми можно столкнуться;1
когда обязательно ставить постоянный протез;1
частые вопросы о временных протезах;1
почему выпадают зубы у взрослых;1
признаки, что зуб под угрозой;1
можно ли предотвратить выпадение зубов;1
что делать, если зуб уже расшатался;1
что делать, если зуб выпал;1
последствия потери зубов;1
что будет, если не восстанавливать зуб;1
почему выпадает коронка;1
пошаговая инструкция, если коронка выпала;1
коронка выпала со штифтом — что делать;1
коронка выпала вместе с зубом;1
коронка слетела с импланта;1
чего нельзя делать, если коронка выпала;1
можно ли носить коронку без фиксации;1
что такое высота прикуса;1
почему высота прикуса снижается;1
как понять, что прикус снизился;1
чем опасно снижение высоты прикуса;1
как ортопед восстанавливает высоту прикуса;1
восстановление высоты прикуса: этапы;1
что влияет на план восстановления высоты прикуса;1
что называют «японским протезом»;1
из чего делают японские протезы;1
плюсы японских протезов;1
японские сплавы для бюгельных протезов;1
как ухаживать за японским протезом;1
сколько служит и что по цене;1
почему на языке появляется налёт;1
польза чистки языка;1
как правильно чистить язык;1
сколько чистить и как часто;1
когда налёт — повод обратиться к врачу;1
язык — главный резервуар бактерий полости рта;1
чем чистить и как;1
что даёт регулярная чистка языка;1
что происходит после потери зуба;1
преимущества импланта перед альтернативами;1
когда имплант нужен в первую очередь;1
имплант или мост — что выбрать;1
противопоказания и риски;1
имплант как сохранение соседних зубов: главная причина;1
экономика на дистанции 20 лет;1
сколько служат коронки и когда менять;1
этапы замены коронки;1
что будет, если не менять коронку;1
почему пахнет из-под коронки;1
почему коронка перестаёт быть герметичной;1
что делать в домашних условиях;1
когда менять коронку;1
запах после установки новой коронки;1
профилактика: как не допустить запаха;1
частые вопросы о запахе из-под коронки;1
рот — входные ворота организма;1
сердечно-сосудистые заболевания;1
сахарный диабет — двусторонняя связь;1
беременность и здоровье полости рта;1
когда нужна консультация ортопеда;1
карта связей: рот → организм;1
что это значит практически: три действия;1
почему золото до сих пор используют;1
минусы золотых коронок;1
кому подходят золотые коронки;1
как изготавливают золотую коронку;1
уход за золотыми коронками;1
как понять, что зуб под коронкой гниет;1
почему это происходит;1
лечение: можно ли спасти зуб;1
можно ли лечить зуб под коронкой без её снятия;1
откуда берётся потемнение под коронкой;1
гниёт под коронкой: как далеко зашёл процесс;1
когда зуб можно и нужно сохранять;1
когда удаление неизбежно;1
что будет, если не удалять безнадёжный зуб;1
сравнение: сохранить или удалить + имплант;1
практический алгоритм;1
что такое зубной камень и как он образуется;1
как выглядит зубной камень и как его распознать;1
стадии образования камня;1
причины появления камня;1
почему камень вреден;1
методы удаления зубного камня;1
можно ли убрать камень дома;1
что такое зубной налёт;1
почему налёт образуется быстрее у одних и медленнее у других;1
чем опасен налёт;1
как убрать налёт в домашних условиях;1
техника чистки налёта;1
как налёт накапливается на протезах;1
особенности протезирования в пожилом возрасте;1
какие протезы подходят после 60 лет;1
уход за протезами в пожилом возрасте;1
зачем стоматологам нумерация зубов;1
как устроена нумерация зубов;1
схема зубов взрослого: квадранты и номера;1
нумерация зубов у детей;1
другие системы нумерации;1
как понять запись врача;1
зачем пациенту понимать нумерацию;1
частые вопросы про нумерацию зубов;1
когда нумерация особенно важна;1
что меняется в полости рта после 50;1
пародонтит — главная угроза;1
как ухаживать за зубами после 50;1
протезирование после 50;1
что важно знать женщинам после 50;1
когда идти к стоматологу-ортопеду;1
что происходит с зубами после 50: анатомия изменений;1
протокол здоровья после 50: что делать конкретно;1
1. какой план лечения вы предлагаете;1
2. почему именно этот вариант, а не другой;1
3. из какого материала будет конструкция;1
4. сколько визитов потребуется;1
5. какая гарантия на работу и материалы;1
6. сколько это будет стоить в итоге;1
7. есть ли скрытые затраты;1
8. как я буду ухаживать за конструкцией;1
9. сколько прослужит конструкция;1
10. что будет, если что-то пойдёт не так;1
сколько длится консультация стоматолога-ортопеда;1
нужно ли делать снимок перед консультацией;1
можно ли приходить на консультацию с уже снятой коронкой или без зуба;1
входит ли консультация в стоимость лечения;1
через сколько можно приступать к протезированию после удаления зуба;1
ацеталовый протез — это нейлоновый?;1
можно ли ставить ацеталовый протез на все зубы;1
ломается ли ацеталовый протез;1
кому подходит ацеталовый протез в первую очередь?;1
сколько стоит ацеталовый протез;1
чем acryfree отличается от обычного акрила?;1
почему quattroti дороже acryfree?;1
можно ли перебазировать протез из quattroti?;1
что делать, если протез натирает?;1
плюсы;1
минусы;1
сколько служит адгезивный мостовидный протез?;1
можно ли ставить адгезивный мост на жевательные зубы?;1
больно ли ставить адгезивный мост?;1
можно ли поставить имплант после адгезивного моста?;1
безопасно ли доверять снимок нейросети?;1
подорожает ли лечение из-за цифровых технологий?;1
сколько стоит акриловый протез?;1
больно ли носить акриловый протез?;1
можно ли спать в акриловом протезе?;1
чем опасен акриловый протез?;1
можно ли перебазировать акриловый протез?;1
как хранить акриловый протез?;1
как выглядит акриловый протез?;1
правда ли, что вино вредит зубам меньше водки?;1
помогает ли полоскание после алкоголя?;1
алкоголь опасен при протезировании?;1
сколько алкоголя безопасно для зубов?;1
что лучше — all-on-4 или all-on-6?;1
можно ли переделать all-on-4 в all-on-6?;1
сколько стоит all-on-6 в нижнем новгороде?;1
через сколько можно есть после операции?;1
как ухаживать за all-on-6?;1
кому не подходит all-on-6?;1
безметалловые альтернативы;1
может ли аллергия появиться через много лет после установки коронки?;1
пройдёт ли аллергия, если снять коронку?;1
все ли металлокерамические коронки одинаково аллергенны?;1
безопасны ли безметалловые коронки для жевательных зубов?;1
может ли аллергия на металл проявляться только сыпью на коже?;1
больно ли ставить имплант?;1
сколько действует анестезия после имплантации?;1
можно ли делать имплантацию во сне?;1
опасен ли наркоз при имплантации?;1
что делать, если зубная анестезия не подействовала?;1
больно ли делать укол в десну?;1
можно ли есть после операции, пока действует анестезия?;1
можно ли снимать протез с болью и кровоточивостью?;1
влияют ли антикоагулянты на приживление имплантата?;1
что делать, если кровоточит десна под коронкой?;1
нужно ли предупреждать врача о приёме аспирина?;1
чем артрит внчс отличается от артроза?;1
может ли артрит внчс пройти сам?;1
какой врач лечит артрит внчс?;1
что нельзя делать при артрите внчс?;1
нужна ли операция при артрите внчс?;1
видна ли атрофия челюсти внешне?;1
сколько заживает кость после наращивания?;1
можно ли восстановить кость без операции?;1
когда атрофия считается критической?;1
больно ли делать костную пластику?;1
атрофия вернётся после наращивания?;1
аттачмены — это больно?;1
сколько служат аттачмены?;1
протез на аттачменах выпадает?;1
чем аттачмены лучше простого съёмного протеза?;1
какой тип аттачменов самый надёжный?;1
аттачмен или кламмер — что лучше?;1
чем базальная имплантация отличается от классической;1
сколько служат базальные импланты;1
больно ли ставить базальные импланты;1
базальная имплантация — это навсегда;1
можно ли есть сразу после базальной имплантации;1
почему при базальной имплантации ставят так много имплантов;1
можно ли делать базальную имплантацию при диабете;1
когда выбирают цирконий;1
когда выбирают e-max;1
какие безметалловые коронки самые прочные?;1
какие безметалловые коронки самые красивые?;1
сколько служат безметалловые коронки?;1
безметалловые коронки — это дорого?;1
кому не подходят безметалловые коронки?;1
как лечат остеонекроз челюсти?;1
стоит ли отказываться от бисфосфонатов ради имплантации?;1
через сколько после отмены можно делать имплантацию?;1
влияют ли бисфосфонаты на приживление протезов?;1
сколько может болеть челюсть после протезирования?;1
это нормально, что больно жевать после коронок?;1
может ли болеть голова после протезирования?;1
почему челюсть болит ночью или утром?;1
нужно ли делать снимок после установки коронки?;1
болит челюсть после съёмного протеза — это нормально?;1
нормально ли, что после имплантации болит несколько дней?;1
какие обезболивающие можно после имплантации?;1
почему болит при нажатии на имплант через месяц?;1
имплант болит, но не шатается — что это значит?;1
когда можно жевать на стороне импланта?;1
что делать, если после имплантации поднялась температура?;1
как долго заживает десна после имплантации?;1
болит десна над зубом мудрости — что это?;1
сколько болит зуб мудрости при прорезывании?;1
можно ли лечить зуб мудрости или сразу удалять?;1
опасно ли удалять зуб мудрости?;1
влияет ли удаление зуба мудрости на прикус?;1
сколько длится удаление зуба мудрости?;1
может ли болеть соседний зуб из-за зуба мудрости?;1
может ли болеть зуб под коронкой от сладкого?;1
почему зуб под коронкой болит ночью?;1
чем снять острую боль под коронкой, если нет таблеток?;1
болит ли зуб под коронкой, если нерв удалён?;1
коронку снимают всегда, если зуб заболел?;1
сколько можно терпеть боль под пломбой с обезболивающим?;1
всегда ли боль под пломбой значит перелечивание?;1
может ли болеть соседний здоровый зуб?;1
может ли пломба давить на нерв и вызывать боль?;1
почему зуб под пломбой чувствует холодное годами?;1
антибиотик от боли под пломбой помогает?;1
можно ли ставить пломбу сразу на глубокий кариес?;1
сколько болит зуб после пломбирования?;1
болит зуб под пломбой от горячего — что это?;1
почему болит зуб под старой пломбой?;1
можно ли лечить зуб без снятия пломбы?;1
что будет, если не лечить зуб под пломбой?;1
болит зуб под пломбой при накусывании — это опасно?;1
сколько дней болит после удаления зуба мудрости?;1
нормально ли, что болит при накусывании после удаления?;1
что такое сухая лунка и как её понять?;1
можно ли пить обезболивающее после удаления?;1
когда можно ставить имплант на место удалённого зуба?;1
болит и пульсирует лунка — это альвеолит?;1
может ли болеть горло и ухо после удаления?;1
сколько нужно ждать, чтобы боль прошла совсем?;1
болит зуб при накусывании, но не болит сам по себе — что это?;1
зуб болит при накусывании и реагирует на горячее и холодное — что это значит?;1
сколько болит зуб после пломбирования каналов?;1
может ли болеть зуб при накусывании из-за коронки?;1
пройдёт ли само, если перестать нагружать зуб?;1
что делать, если болит зуб после удаления нерва?;1
чем снять боль до визита к врачу?;1
почему люди годами ходят со старыми коронками;1
1. осмотр и анестезия (5 минут);1
2. снятие коронки (10–20 минут);1
3. осмотр и лечение (15–30 минут);1
можно ли снять коронку без анестезии?;1
сколько стоит замена коронки?;1
можно ли поставить новую коронку сразу после снятия старой?;1
чем отличаются старые и новые коронки?;1
можно ли обточить зуб без анестезии?;1
не болит ли зуб после обточки, когда отходит анестезия?;1
сколько заживает десна после обточки?;1
повреждает ли обточка зуб?;1
правда ли, что при обточке может «умереть» нерв?;1
укол анестезии — 3–5 секунд;1
обточка зуба — не боль, а вибрация;1
снятие слепков — может быть тошнота;1
фиксация коронки — без боли;1
таблица: этапы и ощущения;1
делают ли анестезию при установке коронки?;1
больно ли ставить временную коронку?;1
что делать, если боюсь боли?;1
можно ли обойтись без анестезии на мёртвый зуб?;1
больно ли ставить коронки детям?;1
можно ли ставить импланты при бруксизме?;1
сломаются ли коронки, если я скриплю зубами?;1
какой материал коронок лучше при бруксизме?;1
нужна ли каппа после протезирования?;1
можно ли вылечить бруксизм, чтобы не носить каппу?;1
чем отличается протезирование при бруксизме от обычного?;1
бюгельный протез — это съёмный?;1
сколько зубов нужно для бюгеля?;1
видно ли кламмеры?;1
можно ли спать в бюгельном протезе?;1
что лучше — бюгель или имплант?;1
натирает бюгельный протез — что делать?;1
можно ли чинить бюгельный протез?;1
больно ли носить бюгельный протез с кламмерами?;1
кламмеры портят опорные зубы?;1
можно ли спать в протезе?;1
чем кламмерный бюгель отличается от замкового?;1
сколько служит бюгельный протез с кламмерами?;1
можно ли есть с бюгельным протезом на замках?;1
видно ли протез при разговоре?;1
слетит ли протез при кашле или чихании?;1
как чистить замки?;1
можно ли заменить замки, если они износились?;1
чистка;1
межзубные промежутки;1
ирригатор;1
можно ли использовать электрическую щётку с коронками?;1
нужно ли снимать коронку для чистки?;1
как часто нужно посещать врача при коронках?;1
можно ли отбеливать зубы при коронках?;1
коронка потемнела — что делать?;1
после каждого приёма пищи;1
утром и вечером — полная чистка;1
чистка полости рта;1
растворы для хранения;1
можно ли спать с протезом во рту?;1
чем чистить протез, если нет специальной пасты?;1
протез потемнел. можно ли его отбелить дома?;1
нужно ли снимать протез при чистке зубов?;1
сколько служит цельнолитой мостовидный протез?;1
можно ли ставить цельнолитой мост на передние зубы?;1
чем отличается цельнолитой мост от штампованно-паяного?;1
может ли быть аллергия на цельнолитой мост?;1
можно ли сделать цельнолитой мост на имплантах?;1
бюджетный сегмент;1
средний сегмент;1
премиум-сегмент;1
сколько служит частично съёмный протез?;1
можно ли спать с частично съёмным протезом?;1
больно ли носить частичный протез?;1
чем отличается частичный протез от полного?;1
что лучше: нейлон или акрил для частичного протеза?;1
пасты для протезов;1
дезинфицирующие таблетки;1
щётки для протезов;1
можно ли чистить протез обычной зубной пастой?;1
как часто нужно менять таблетки для протезов?;1
нужно ли чистить протез после таблеток?;1
можно ли использовать ирригатор для съёмного протеза?;1
как хранить съёмный протез на ночь?;1
почему от протеза появился запах?;1
как часто нужно менять щётку для протеза?;1
какой пастой чистить акриловый протез?;1
можно ли чистить нейлоновый протез обычной пастой?;1
чем чистить виниры и керамические коронки?;1
протезирование без имплантов хуже?;1
можно ли сделать всё у одного врача?;1
можно ставить имплант сразу после удаления?;1
что стареет быстрее — мост или имплант?;1
если имплант не приживётся — деньги впустую?;1
что дольше служит — мост или имплант с коронкой?;1
с чего начинается выбор между ними?;1
можно ли пить воду после имплантации?;1
можно ли есть мороженое после имплантации?;1
когда можно вернуться к обычному питанию?;1
что делать, если после твёрдой пищи имплант болит?;1
можно ли пить алкоголь после имплантации?;1
может ли почернеть десна от курения?;1
почему десна потемнела около импланта, а не коронки?;1
черный край коронки — признак того, что коронку надо срочно менять?;1
помогают ли отбеливающие пасты убрать темную полосу?;1
что будет, если не трогать потемневшую десну?;1
что служит дольше — имплант или мост?;1
почему мост может быть вреден для соседних зубов?;1
можно ли поставить имплант вместо старого моста?;1
что дороже — имплант или мост?;1
мост можно поставить быстрее импланта?;1
можно ли потом заменить мост на имплант?;1
что лучше при отсутствии двух соседних зубов?;1
что самое полезное для зубов?;1
полезно ли полоскание кокосовым маслом?;1
помогают ли яблоки чистить зубы?;1
полезны ли витамины для зубов?;1
жвачка — это полезно?;1
полезны ли соль и сода для зубов?;1
прототип зубов — это больно?;1
для чего делается прототип, если врач и так знает, как лечить?;1
сколько стоит этап прототипирования?;1
можно ли носить mock-up постоянно?;1
что больше вредит зубам: сахар или кислотные напитки?;1
вредны ли брекеты сами по себе?;1
чем вреден фтор в пасте?;1
может ли кофе вреден для зубов?;1
что делать после кислых напитков?;1
1. фото- и видеосъёмка;1
2. цифровой анализ;1
3. создание цифрового прототипа;1
4. клинический mock-up;1
что такое dsd в стоматологии?;1
сколько стоит dsd?;1
долго ли делать dsd?;1
всем ли нужен dsd?;1
можно ли сделать dsd самостоятельно?;1
циркониевая коронка на жевательный зуб — отзывы;1
цирконий или металлокерамика на жевательные зубы — что лучше?;1
больно ли ставить циркониевую коронку на жевательный зуб?;1
сколько делают циркониевую коронку на жевательный зуб?;1
что долговечнее — цирконий или металлокерамика?;1
какой материал выбрать для передних зубов?;1
можно ли поставить цирконий на все зубы?;1
какая обточка меньше?;1
почему металлокерамика даёт синеву у десны?;1
что выбрать, если нужно несколько коронок?;1
сколько служит циркониевый мостовидный протез?;1
можно ли ставить циркониевый мост на жевательные зубы?;1
бывает ли аллергия на цирконий?;1
чем цирконий лучше металлокерамики?;1
можно ли ремонтировать циркониевый мост при сколе?;1
что выбрать: циркониевый мост или имплант?;1
стыдно ли бояться стоматолога?;1
с чего начать, если не был у стоматолога лет десять?;1
шаг за шагом;1
роль анестезии;1
страх лечится навсегда?;1
врать врачу про отсутствие страха?;1
можно ли начать с самого простого?;1
передаётся ли страх детям?;1
можно ли принимать успокоительное перед визитом?;1
сколько длится первый визит-знакомство?;1
что если во время лечения станет плохо?;1
помогают ли антидепрессанты при дентофобии?;1
сколько дней может быть опухоль после установки коронки?;1
можно ли полоскать содой?;1
опухоль пройдёт сама?;1
нужно ли снимать коронку?;1
может ли десна прирасти обратно к коронке?;1
нужно ли менять коронку, если отошла десна?;1
как быстро прогрессирует рецессия?;1
может ли коронка выпасть из-за рецессии?;1
отошла десна или воспалилась — как отличить?;1
помогают ли гели для дёсен при рецессии?;1
специальные таблетки;1
ультразвуковая ванночка;1
хлоргексидин (только для дезинфекции);1
нужно ли дезинфицировать протез каждый день?;1
помогают ли таблетки corega от запаха?;1
можно ли оставлять протез в дезинфицирующем растворе на ночь?;1
как чистить нейлоновый протез?;1
сколько хранится раствор таблетки для дезинфекции?;1
можно ли использовать перекись водорода?;1
сколько служат коронки e-max?;1
можно ли ставить e-max на жевательные зубы?;1
почему e-max дороже металлокерамики?;1
отличается ли e-max от виниров?;1
эрозия — это то же самое, что кариес?;1
можно ли вылечить эрозию без врача?;1
помогают ли пасты от чувствительности?;1
нужно ли лечить рефлюкс, чтобы спасти зубы?;1
скололся зуб при эрозии — что делать?;1
можно ли отбеливать зубы при эрозии?;1
почему зубы чувствительны только с одной стороны?;1
помогает ли жвачка при чувствительности после кислого?;1
можно ли сократить сроки и поставить коронку сразу?;1
сколько дней болит после установки импланта;1
можно ли есть после установки импланта;1
что будет, если не поставить коронку после импланта;1
когда можно ставить имплант после удаления зуба;1
1. обследование и планирование;1
2. обезболивание и препарирование;1
3. снятие слепков;1
4. временные коронки;1
5. изготовление каркаса;1
6. нанесение керамики;1
7. глазурование и полировка;1
8. примерка;1
9. фиксация;1
как долго изготавливают мостовидный протез?;1
больно ли обтачивать зубы под мост?;1
можно ли изготовить мост за один визит?;1
что будет, если мост изготовлен неточно?;1
сколько времени проходит от слепка до готовой коронки?;1
почему фиксируют сначала на временный цемент?;1
можно ли ускорить изготовление моста?;1
можно ли сделать коронку за один визит?;1
сколько визитов нужно для протезирования?;1
нужно ли удалять нерв перед обточкой?;1
больно ли обтачивать зубы?;1
что делать, если временная коронка слетела?;1
как называется врач, который делает протезирование зубов?;1
как подбирают цвет и форму зубов при протезировании?;1
сколько по времени занимает всё изготовление протеза?;1
1. знакомство и опрос;1
2. осмотр полости рта;1
3. инструментальная диагностика;1
4. обсуждение вариантов лечения;1
5. составление плана лечения;1
сколько длится первая консультация?;1
нужно ли направление от терапевта?;1
можно ли сразу начать лечение на первом визите?;1
что делать, если я боюсь стоматологов?;1
нужно ли делать снимки перед консультацией?;1
бесплатна ли консультация?;1
как называется опухоль в зубе?;1
как снять опухоль зуба быстро?;1
можно ли вылечить флюс дома?;1
почему опухла щека, если зуб не болит?;1
сколько держится опухоль после лечения?;1
чем опасно, если не лечить флюс?;1
можно ли обойтись без формирователя десны?;1
что будет, если не носить формирователь десны?;1
формирователь десны — это постоянный элемент?;1
чем отличается формирователь десны от абатмента?;1
как ухаживать за формирователем десны?;1
вреден ли фтор в зубной пасте?;1
какая концентрация фтора в пасте нужна взрослому?;1
что такое флюороз?;1
паста без фтора защищает от кариеса хуже?;1
нужен ли фтор при чувствительных зубах?;1
опасен ли фтор при проглатывании?;1
что такое флюороз и как отличить от пятен?;1
нужен ли фтор взрослым, если кариеса нет?;1
помогают ли жвачки и ополаскиватели от запаха изо рта?;1
запах изо рта утром — это нормально?;1
как быстро убрать запах изо рта в домашних условиях?;1
убирает ли профессиональная чистка запах?;1
может ли запах идти из-под коронки или моста?;1
как часто делать профессиональную чистку для профилактики запаха?;1
что значит запах ацетона изо рта?;1
кровоточат дёсны — это нормально?;1
пройдёт ли гингивит сам?;1
чем гингивит отличается от пародонтита?;1
кровоточат дёсны при чистке — что делать?;1
кровоточит десна вокруг коронки — почему?;1
нужно ли лечить гингивит перед протезированием?;1
чем гнатолог отличается от ортопеда?;1
больно ли лечить дисфункцию внчс?;1
сколько длится лечение у гнатолога?;1
может ли гнатолог помочь при головных болях?;1
нужна ли гнатология перед протезированием?;1
может ли неправильный прикус вызывать головную боль?;1
как понять, что головная боль из-за внчс?;1
помогает ли каппа от головной боли?;1
нужно ли идти к неврологу?;1
сколько времени нужно, чтобы боль прошла?;1
хрустит челюсть, но не болит — надо ли лечить?;1
почему щёлкает челюсть только с одной стороны?;1
сам пройдёт хруст в челюсти?;1
хруст в челюсти и головная боль — связано?;1
может ли хрустеть челюсть после протезирования?;1
хруст при открывании рта и боль в ухе — это одно и то же?;1
можно ли вылечить хруст в челюсти без операции?;1
точно ли ии планирует имплантацию?;1
может ли ии ошибиться?;1
какое по используется для ии-планирования?;1
нужен ли 3d-принтер для хирургических шаблонов?;1
дороже ли имплантация с ии-планированием?;1
можно ли есть с иммедиат-протезом сразу после удаления?;1
сколько придётся носить иммедиат-протез?;1
будет ли видно, что протез временный?;1
что будет, если пропустить перебазировку?;1
сахарный диабет;1
ксеростомия (сухость во рту);1
бруксизм;1
после лучевой терапии;1
что дешевле — имплант или протез?;1
можно ли поставить имплант вместо съёмного протеза?;1
что дольше служит — имплант или протез?;1
можно ли сделать имплант, если нет зуба много лет?;1
кому категорически нельзя ставить импланты?;1
что лучше — имплантация или протезирование при отсутствии одного зуба?;1
что выгоднее в долгосрочной перспективе — имплант или протез?;1
чем отличается имплантация от протезирования зубов?;1
как долго приживается имплант?;1
болит ли имплант при приживлении?;1
может ли имплант не прижиться без симптомов?;1
имплант отторгся — это навсегда?;1
какой процент имплантов не приживается?;1
имплант подвижен, но не болит — что это значит?;1
имплант не прижился — это вина врача?;1
нормально ли, что имплант немного двигается в первые дни?;1
шатается коронка на импланте — что делать?;1
имплант шатается спустя год — почему?;1
если имплант выпадет, останется дырка?;1
как понять, что имплант отторгается?;1
имплант шатается через месяц после установки — что это значит?;1
можно ли нагружать имплант, пока ждёшь приёма?;1
периимлантит всегда приводит к удалению импланта?;1
сколько визитов занимает имплантация под ключ?;1
можно ли приехать из другого города?;1
под ключ дешевле, чем по отдельности?;1
можно ли сделать имплантацию под ключ с рассрочкой?;1
что если через 5 лет коронка сломается?;1
сколько служит имплант?;1
можно ли сделать мрт с имплантом?;1
можно ли поставить имплант за один визит?;1
как долго длится установка одного импланта?;1
когда ставят формирователь десны?;1
сколько времени уходит на изготовление коронки?;1
всегда ли нужна костная пластика перед имплантацией?;1
сколько визитов занимает имплантация всех зубов?;1
можно ли приехать из другого города и уложиться в меньше визитов?;1
можно ли вставить выпавший имплант обратно?;1
коронка выпала — это серьёзно?;1
почему раскручивается абатмент?;1
больно ли удалять отторгшийся имплант?;1
сколько ждать до повторной имплантации?;1
имплант выпал через несколько лет — почему?;1
выпал имплант при накусывании — это нормально?;1
можно ли ставить импланты, если я курю?;1
за сколько дней до имплантации нужно бросить курить?;1
электронные сигареты менее вредны для имплантов?;1
как курение влияет на десну вокруг импланта?;1
можно ли курить после наращивания кости?;1
стоит ли вообще делать имплантацию, если я не планирую бросать курить?;1
можно ли ставить импланты при хроническом пародонтите?;1
через сколько после лечения пародонтита можно ставить имплант?;1
пародонтит и периимплантит — это одно и то же?;1
можно ли сохранить зубы с пародонтитом и поставить импланты рядом?;1
нужна ли костная пластика перед имплантацией при пародонтите?;1
как ухаживать за имплантами, если был пародонтит?;1
нормативы и реальные данные;1
можно ли ставить импланты при диабете 2 типа?;1
больно ли ставить импланты при диабете?;1
сколько стоит имплантация при диабете в нижнем новгороде?;1
диабет — это приговор имплантам?;1
остеопороз запрещает импланты?;1
почему нельзя ставить имплант подростку?;1
сколько лет реально служит имплант зуба?;1
что чаще всего сокращает срок службы импланта?;1
нужно ли менять имплант через 10 лет?;1
какие импланты служат дольше?;1
можно ли носить имплант всю жизнь?;1
сколько служит коронка на импланте из циркония?;1
как часто нужен контрольный снимок импланта?;1
заменяет ли ирригатор чистку зубной щёткой?;1
можно ли залить в ирригатор ополаскиватель?;1
как часто нужно пользоваться ирригатором?;1
какой ирригатор лучше при имплантах?;1
где купить ирригатор?;1
щётка;1
зубная нить;1
можно ли заменить зубную нить ирригатором?;1
какие межзубные ёршики выбрать: маленькие или большие?;1
ирригатор заменяет чистку у стоматолога?;1
как правильно использовать ирригатор с коронками и мостами?;1
из чего делают акриловый протез;1
какие зубы ставят на акриловый протез;1
почему протез делают долго, можно ли быстрее;1
можно ли сделать протез по 3d-печати;1
почему протез требует коррекции после изготовления;1
сколько времени нужно, чтобы привыкнуть к протезу?;1
один имплант под протез — это надёжно?;1
3d-печатный протез хуже обычного?;1
поможет ли новый протез при стоматите?;1
обязательно ли ходить к стоматологу раз в полгода?;1
нужно ли ходить к стоматологу, если ничего не болит?;1
как часто чистить зубы у стоматолога?;1
когда первый раз вести ребёнка к стоматологу?;1
что будет, если не ходить к стоматологу годами?;1
ничего же не болит — зачем идти?;1
можно ли совмещать осмотр с гигиеной?;1
как запоминать график?;1
шаг 1. прополощите протез;1
шаг 2. почистите мягкой щёткой;1
шаг 3. замочите в очищающем растворе;1
шаг 4. почистите дёсны и язык;1
шаг 5. храните на ночь в воде;1
можно ли чистить протез содой?;1
чем заменить таблетки для протезов?;1
сколько служит съёмный протез?;1
можно ли заменить цементную на винтовую позже?;1
видно ли отверстие от винта?;1
что надёжнее в долгосрочной перспективе?;1
шатается коронка — зависит ли решение от типа фиксации?;1
сладкое и углеводы;1
сладкие напитки;1
курение;1
семечки;1
за какое время зуб может полностью разрушиться?;1
может ли зуб портиться без симптомов?;1
портятся ли зубы от семечек?;1
что портит зубы сильнее — сахар или кислота?;1
можно ли восстановить утраченную эмаль?;1
сколько раз в день нужно чистить зубы?;1
можно ли чистить зубы сразу после еды?;1
электрическая щётка лучше обычной?;1
что будет, если не чистить зубы?;1
нужно ли чистить зубы при протезах?;1
до или после завтрака чистить?;1
электрощётка портит эмаль?;1
сколько пасты выдавливать взрослому?;1
можно ли сразу есть твёрдую пищу после установки протеза?;1
протез плохо держится — это нормально?;1
сколько раз нужно ходить на коррекцию?;1
что делать, если протез лопнул?;1
можно ли носить протез во время еды в первый день?;1
можно ли спать в новом протезе первые дни?;1
почему всё кажется пресным?;1
шепелявит на протезе — это навсегда?;1
когда можно есть семечки и орехи?;1
можно ли ускорить привыкание полосканиями?;1
протез шатается на второй неделе — это нормально?;1
помогает ли специальная гимнастика для привыкания?;1
протез мешает целоваться?;1
какое обезболивающее лучше при зубной боли?;1
помогает ли сода от зубной боли?;1
можно ли греть зуб при боли?;1
болит зуб под коронкой — что делать?;1
зубная боль ночью — почему усиливается?;1
сколько можно терпеть зубную боль до врача?;1
металлокерамика;1
диоксид циркония;1
e-max (литий-дисиликат);1
золото (благородные сплавы);1
композит;1
как выбрать стоматологию для протезирования, а не для лечения?;1
какие вопросы задать на консультации перед протезированием?;1
стоит ли выбирать клинику по отзывам?;1
обязательно ли делать кт перед протезированием?;1
как понять, что врач-ортопед хороший?;1
что важнее — клиника или конкретный врач?;1
мягкая или средняя щётка — что лучше?;1
какая щётка лучше при чувствительных зубах?;1
электрическая щётка вредит дёснам?;1
детская щётка подойдёт взрослому?;1
какую щётку использовать при протезах?;1
как часто менять зубную щётку?;1
насадки электрощётки меняются так же часто?;1
ионизационные щётки работают?;1
какая щётка нужна носителю брекетов/мостов?;1
через сколько лицо начинает меняться после потери зубов?;1
вернёт ли съёмный протез прежнее лицо?;1
помогают ли филлеры вместо протезирования?;1
старческое лицо у 40-летних бывает?;1
какие съёмные протезы лучше поставить?;1
какой материал для съёмных протезов лучше?;1
какие протезы лучше: съёмные или несъёмные?;1
какие съёмные протезы лучше без нёба?;1
сколько служат съёмные протезы?;1
какой протез поставить, если зубы подвижны?;1
местное;1
системное;1
может ли грибок перейти с протеза на здоровые зубы?;1
помогает ли сода от кандидоза?;1
заразен ли кандидоз?;1
можно ли носить протез во время лечения?;1
как часто нужно менять протез, чтобы избежать кандидоза?;1
мягкие каппы (софт-сплинты);1
полужёсткие каппы;1
жёсткие каппы (твёрдые сплинты);1
видно ли, что десна искусственная?;1
керамическая десна ставится только на мосты?;1
что лучше: керамика или пластика десны?;1
не болит ли под искусственной десной?;1
что дольше служит — керамические или композитные виниры;1
композитные виниры сильно отличаются по виду;1
можно ли заменить композитные виниры на керамические;1
больно ли ставить виниры;1
виниры вредны для зубов;1
можно ли отполировать потускневший композит?;1
сколько зубов покрывают композитом за раз?;1
кислота от рефлюкса разрушает зубы?;1
какая слюна в норме на вкус?;1
ночной рефлюкс — самый коварный сценарий;1
можно ли определить ph слюны дома?;1
помогает ли сода от кислого привкуса?;1
восстанавливает ли эмаль фтор?;1
кислый привкус при беременности — опасно ли для зубов?;1
надёжны ли китайские импланты?;1
чем китайские импланты отличаются от корейских?;1
какой китайский имплант самый надёжный?;1
можно ли поставить китайский имплант, если уже стоит другой?;1
где ставят китайские импланты в нижнем новгороде?;1
стоит ли ставить коронки в китае?;1
опорно-удерживающие (литые);1
гнутые (проволочные);1
комбинированные;1
расшатывают ли кламмеры опорные зубы?;1
кламмер сломался — что делать?;1
можно ли поставить кламмер на передний зуб?;1
как ухаживать за кламмерами?;1
есть ли невидимые кламмеры?;1
бюгельный протез с кламмерами или без — что лучше?;1
обязательна ли клкт перед протезированием?;1
сколько стоит клкт в нижнем новгороде?;1
чем клкт отличается от панорамного снимка?;1
вредно ли делать клкт?;1
можно ли сделать клкт отдельно, без приёма врача?;1
как часто можно делать клкт?;1
можно ли делать клкт с имплантами и коронками во рту?;1
цирконий — устойчив к краске;1
e-max — устойчив, но теряет блеск;1
металлокерамика — возможна пигментация у края;1
временные коронки (пластмасса) — могут потемнеть;1
кофе окрашивает коронку из циркония?;1
можно ли пить красное вино с коронками?;1
нужно ли мыть коронки после кофе?;1
почему коронка потемнела, если я пью кофе?;1
когда нужна композитная вкладка;1
противопоказания;1
прямые (indirect chairside);1
непрямые (лабораторные);1
cad/cam (цифровые);1
протезирование на имплантах;1
бюгельный протез;1
частичный съёмный протез;1
что такое концевой дефект простыми словами;1
можно ли поставить мост при концевом дефекте;1
сколько стоит восстановление последних зубов;1
один имплант или два при отсутствии двух жевательных зубов;1
нужна ли костная пластика перед имплантацией;1
можно ли постоянно пользоваться кремом корега?;1
как часто нужно чистить протез таблетками?;1
чем корега лучше обычного крема?;1
можно ли есть горячую еду сразу после нанесения крема?;1
вреден ли крем для дёсен?;1
воспалился корень зуба под коронкой — что делать?;1
киста на корне под коронкой — лечится ли без удаления зуба?;1
сломался корень зуба под коронкой — можно ли сохранить зуб?;1
болит корень зуба под коронкой — чем обезболить дома?;1
сколько служит циркониевая коронка?;1
больно ли ставить циркониевую коронку?;1
может ли циркониевая коронка треснуть?;1
цирконий или металлокерамика — что лучше?;1
меняется ли цвет циркониевой коронки со временем?;1
подходит ли цирконий для мостов?;1
можно ли делать мрт с циркониевыми коронками?;1
когда мост — хороший выбор;1
когда лучше выбрать имплант с коронкой;1
больно ли ставить мост?;1
можно ли заменить мост имплантом позже?;1
какой мост самый надёжный?;1
можно ли сделать мост на один зуб?;1
как ухаживать за мостом?;1
может ли мост сломаться?;1
что дешевле: мост или имплант?;1
прочность;1
эстетика;1
биосовместимость;1
точность прилегания;1
кому подходит металлокерамика;1
кому лучше выбрать другой материал;1
видно ли металлокерамическую коронку на зубе?;1
может ли металлокерамическая коронка отколоться?;1
как долго привыкать к металлокерамической коронке?;1
нужно ли депульпировать зуб под металлокерамику?;1
металлокерамика или цирконий — что дольше прослужит?;1
может ли металлокерамика вызывать аллергию?;1
можно ли переделать металлокерамику на цирконий?;1
какая коронка на имплант лучше — цирконий или e-max?;1
чем винтовая фиксация отличается от цементной?;1
сколько стоит коронка на имплант в нижнем новгороде?;1
может ли коронка на импланте сколоться?;1
нужно ли менять коронку на импланте?;1
чем чистить коронку на импланте?;1
какой вариант выглядит наиболее естественно?;1
сколько служат керамические коронки?;1
обязательно ли обтачивать зуб?;1
что делать при сколах или расцементировке?;1
как выбрать материал для переднего зуба?;1
почему лучше сохранить зуб живым;1
этап 1: диагностика;1
этап 2: анестезия;1
этап 3: обточка с охлаждением;1
этап 4: временная коронка;1
этап 5: наблюдение;1
можно ли поставить коронку без обточки?;1
больно ли обтачивать живой зуб?;1
сколько служит коронка на живом зубе?;1
коронка под десну — это плохо?;1
можно ли исправить коронку, посаженную слишком глубоко?;1
почему синеет десна под коронкой?;1
нужно ли снимать коронку под десну для чистки?;1
почему после установки коронки под десну воспалилась дёсна?;1
можно ли сделать коронку не под десну, если зуб разрушен под десну?;1
отличается ли срок службы у глубоко посаженной коронки?;1
может ли коронка шататься из-за того, что плохо сделана?;1
сколько можно ходить с шатающейся коронкой?;1
если коронка шатается, но не болит — это нормально?;1
коронку можно приклеить обратно?;1
шатается коронка на импланте — это опасно?;1
можно ли есть на стороне, где шатается коронка?;1
можно ли ходить со сколом коронки?;1
сколько стоит починить скол коронки?;1
циркониевые коронки тоже сколятся?;1
что делать, если скол случился ночью?;1
можно ли склеить сколотый кусочек коронки дома?;1
почему скололась новая коронка?;1
скололась коронка — зуб болит. это опасно?;1
может ли коронка потемнеть изнутри?;1
поможет ли профессиональная чистка осветлить коронку?;1
какой материал коронки не темнеет?;1
влияет ли курение на цвет коронки?;1
коронка потемнела сразу после установки — что делать?;1
нормально ли, что зуб под временной коронкой реагирует на холодное?;1
может ли пройти боль под временной коронкой сама?;1
что делать, если временная коронка отвалилась?;1
временная коронка болит при накусывании — это опасно?;1
сколько можно ходить с временной коронкой?;1
больно ли снимать временную коронку?;1
cerec-коронка хуже лабораторной?;1
можно ли сделать мост по cerec за день?;1
1. монолитный диоксид циркония;1
2. металлокерамика;1
3. цельнолитая коронка;1
что не ставят на жевательные зубы;1
почему на жевательные зубы не ставят e-max?;1
металлокерамика или цирконий на жевательный зуб?;1
признаки того, что коронка на жевательном зубе подобрана неправильно;1
сколько служит циркониевая коронка на моляре?;1
видно ли литую коронку при улыбке?;1
нужно ли депульпировать живой зуб под коронку?;1
что дешевле в итоге — металлокерамика или цирконий?;1
можно ли поставить цирконий на все жевательные зубы сразу?;1
нужно ли менять коронку жевательного зуба со временем?;1
почему после установки коронки жует «непривычно»?;1
всем ли нужна костная пластика перед имплантацией?;1
что больнее — имплантация или костная пластика?;1
сколько приживается костная ткань после пластики?;1
можно ли ставить имплант и делать пластику одновременно?;1
какие осложнения бывают после костной пластики?;1
можно ли нарастить кость, если куришь?;1
можно ли увидеть плохое прилегание самому?;1
все ли клиники проверяют прилегание?;1
типы посадки края;1
через сколько лет надо проверять прилегание?;1
можно ли перефиксировать коронку с плохим краем?;1
влияет ли материал коронки на прилегание?;1
цифровой скан гарантирует хорошее прилегание?;1
нависающий край можно исправить без снятия коронки?;1
как часто краевое прилегание виновато в потере опорного зуба?;1
проверяют ли прилегание при первом визите к новому врачу?;1
corega;1
protefix;1
lacalut dent;1
president;1
fittydent;1
можно ли есть с фиксирующим кремом?;1
какой крем лучше всего держит нижний протез?;1
вреден ли цинк в составе крема?;1
можно ли использовать крем каждый день?;1
чем закрепить съёмный протез, если он плохо держится?;1
чем отличается крем от порошка для фиксации?;1
крем для фиксации — где купить?;1
увлажнение;1
уход за протезами;1
материалы протезов;1
может ли протез сам вызывать сухость во рту?;1
помогают ли ополаскиватели при сухости?;1
можно ли носить протезы при сильной сухости?;1
что пить, чтобы увлажнить рот?;1
сколько служит культевая вкладка;1
больно ли ставить вкладку;1
можно ли поставить вкладку на передний зуб;1
что если зуб с вкладкой заболел;1
можно ли сделать мрт с культевой вкладкой;1
что дешевле: вкладка или удаление с имплантом;1
таблица: сроки воздержания от курения;1
можно ли курить электронные сигареты после имплантации?;1
можно ли курить кальян после протезирования?;1
через сколько можно курить после имплантации, если не могу бросить?;1
можно ли курить в день установки съёмного протеза?;1
лазер безопасен?;1
лазер лечит кариес полностью?;1
можно ли лазером лечить зубы при протезировании?;1
больно ли лечение лазером?;1
есть ли противопоказания у лазера?;1
почему лазерное лечение дороже?;1
лазерное лечение кариеса — это больно?;1
лазером можно лечить любой кариес или есть ограничения?;1
лазерное лечение дороже обычного? сколько стоит?;1
можно ли лечить кариес лазером у детей?;1
больно ли лечить кариес?;1
как понять, что у меня кариес?;1
сколько лечится кариес?;1
почему выпадают пломбы?;1
можно ли лечить кариес без сверления?;1
почему пломба ставится послойно?;1
можно ли вылечить кариес без сверла?;1
сколько нельзя есть после пломбы?;1
вредно ли лечение зубов под наркозом?;1
можно ли лечить зубы во сне при беременности?;1
сколько длится лечение зубов под наркозом?;1
что лучше — седация или наркоз?;1
лечат ли зубы во сне в вашей клинике?;1
сколько отходит от наркоза после лечения зубов?;1
можно ли вылечить все зубы за один раз под наркозом?;1
когда люминиры — лучший выбор;1
когда люминиры не подходят;1
в чём разница между люминирами и винирами?;1
можно ли снять люминиры?;1
люминиры выглядят неестественно толстыми?;1
можно ли снять люминар и вернуть исходные зубы?;1
сколько служат?;1
сколько служит металлокерамический мостовидный протез?;1
что лучше — металлокерамика или цирконий для моста?;1
может ли отвалиться керамика с моста?;1
больно ли ставить металлокерамический мост?;1
можно ли есть после фиксации моста?;1
почему под мостом появляется тёмная полоска?;1
чем чистить мост?;1
металлокерамика — это устаревший материал?;1
видно ли металл через керамику?;1
можно ли ставить металлокерамику на передние зубы?;1
что делать при сколе керамики?;1
фонит ли металлокерамика в аэропорту?;1
темнеет ли металлокерамика со временем?;1
ставят ли металлокерамику на импланты?;1
чем микропротез отличается от пломбы?;1
больно ли ставить микропротез?;1
сколько времени занимает микропротезирование?;1
можно ли сделать микропротез за один день?;1
как ухаживать за микропротезами?;1
что дешевле — микропротез или коронка?;1
можно ли поставить мини-импланты при сильной атрофии кости?;1
больно ли ставить мини-импланты?;1
как долго служат мини-импланты?;1
чем мини-импланты лучше обычных для фиксации протеза?;1
где найти свой код мкб?;1
код изменился между визитами — это нормально?;1
один и тот же код у разных болезней?;1
зачем код, если есть название диагноза?;1
код влияет на лечение?;1
могут ли отказать в лечении по коду?;1
сколько стоит мост на 3 зуба?;1
обязательно ли обтачивать соседние зубы?;1
как чистить мост на 3 зуба?;1
что лучше — мост или имплант?;1
делают ли мост на 3 зуба за один день?;1
больно ли ставить мост на имплантах?;1
сколько имплантов нужно для моста?;1
можно ли есть с мостом на имплантах сразу?;1
что надёжнее — мост на имплантах или обычный?;1
мостовидный протез — сколько зубов заменяет?;1
больно ли ставить мостовидный протез?;1
можно ли делать мрт с мостовидным протезом?;1
что делать, если мост шатается или слетел?;1
корень без коронки над десной — сохранить можно?;1
сколько служит спасённый корень?;1
сценарий 1. хроническое воспаление у верхушки;1
сценарий 2. сломался край над десной;1
сценарий 3. старый штифт с воспалением;1
сколько раз можно перелечивать каналы?;1
корень болит, а каналы запломбированы идеально?;1
что делать с корнем под старым мостом?;1
что даёт сохранение корня на практике;1
корень выступает над десной всего на 1 мм — сохранить?;1
можно ли оставить корень вообще без конструкции?;1
можно ли спать с зубными протезами, если они недавно поставлены?;1
можно ли спать с протезом на имплантах?;1
обязательно ли снимать протез каждую ночь?;1
можно ли спать с протезом, если он хорошо держится?;1
а если стыдно перед партнёром без протезов?;1
врач сказал носить первые дни круглосуточно — это противоречит?;1
можно ли хранить протез в стакане с водой всю жизнь?;1
можно ли делать мрт головы с имплантом зуба;1
может ли имплант нагреться в томографе;1
что будет, если не сообщить врачу об импланте;1
можно ли делать кт вместо мрт при имплантах;1
влияет ли мрт на прижившийся имплант;1
нужно ли снимать коронку с импланта перед мрт?;1
а если стоит старый металлокерамический мост?;1
влияет ли мрт на приживление импланта?;1
нагревается ли коронка в аппарате мрт?;1
исказит ли коронка результат мрт мозга?;1
нужно ли предупреждать о коронках при кт?;1
композитная реставрация (пломба);1
восстановление зуба на штифте;1
культевая вкладка;1
сколько стоит наращивание зуба;1
почему важно не откладывать;1
держится ли наращённая часть зуба долго?;1
больно ли наращивать зуб?;1
можно ли отрастить зуб «с нуля» если остался только корень?;1
сколько держится реставрация переднего зуба?;1
можно ли подпилить протез наждачной бумагой дома?;1
пройдёт ли натирание само?;1
почему протез начал натирать через год носки?;1
сколько коррекций обычно нужно?;1
что делать, если протез натирает и мешает спать?;1
что такое хирургический шаблон для имплантации?;1
больно ли ставить имплант по шаблону?;1
сколько стоит навигационная имплантация?;1
делают ли навигационную имплантацию без костной пластики?;1
нужна ли кт для навигационной имплантации?;1
правда ли нейлоновые протезы «не ломаются»?;1
почему врач отговаривает от нейлона на полную челюсть?;1
можно ли перейти с одного материала на другой?;1
чем нейлоновый протез отличается от акрилового?;1
сколько служит нейлоновый протез?;1
можно ли есть с нейлоновым протезом?;1
какой протез самый эстетичный?;1
кому нельзя ставить нейлоновый протез?;1
какие зубные протезы лучше — нейлоновые или акриловые?;1
как выглядит нейлоновый протез?;1
что дешевле — имплант или мост?;1
можно ли ходить без зуба, пока решаю?;1
бабочку можно носить постоянно?;1
мост на один зуб — это две коронки?;1
имплант сразу после удаления?;1
поставили мост, а сосед заболел — что теперь?;1
можно ли имплант, если курю?;1
что лучше для переднего зуба — имплант или мост?;1
ии заменит стоматолога?;1
где в нижнем новгороде используют ии для снимков?;1
сколько стоит анализ снимка нейросетью?;1
на каких языках работают нейросети?;1
какие снимки анализирует ии — только клкт или прицельные тоже?;1
полный съёмный протез нижней челюсти;1
частичный съёмный протез на нижнюю челюсть;1
нижний протез на имплантах;1
нижний протез на присосках и механическая фиксация;1
зуб после обточки выглядит страшно — так и должно быть?;1
можно ли обойтись без обточки вообще?;1
живой зуб после обточки всегда болит?;1
сколько длится сама обточка?;1
снимают ли нерв перед обточкой специально?;1
обточка портит соседние зубы?;1
можно ли обточить без анестезии?;1
кровь при обточке — это нормально?;1
всем ли можно ставить имплант сразу после удаления зуба?;1
через сколько ставят коронку после одномоментной имплантации?;1
больше ли риск отторжения при одномоментной имплантации?;1
можно ли совместить одномоментную имплантацию и костную пластику?;1
нужна ли костная пластика при одномоментной имплантации?;1
если рецессия небольшая (до 2 мм);1
если рецессия значительная (от 2 мм);1
когда коронку менять обязательно;1
может ли десна восстановиться сама?;1
нужно ли менять коронку, если оголилась шейка?;1
чем опасна щель между коронкой и десной?;1
можно ли ставить новую коронку, если десна опустилась?;1
как ухаживать за десной, если она уже опустилась?;1
оголение шейки — это нормально со временем?;1
дистальная окклюзия (прогнатия);1
мезиальная окклюзия (прогения);1
глубокая окклюзия;1
открытая окклюзия;1
перекрёстная окклюзия;1
временная коррекция;1
постоянное протезирование;1
ночная каппа для фиксации результата;1
можно ли исправить окклюзию без коронок?;1
окклюзия и прикус — это одно и то же?;1
может ли окклюзия измениться после удаления зуба?;1
как понять, что у меня нарушение окклюзии?;1
может ли неправильная окклюзия вызывать головную боль?;1
есть ли возрастной предел для ортодонтии?;1
зачем взрослому ровные зубы, если они «проработали» так десятилетия?;1
можно ли совмещать ортодонтию с протезированием?;1
кто ставит коронки — терапевт или ортопед?;1
кто лечит кариес — ортопед или терапевт?;1
может ли один врач быть и терапевтом, и ортопедом?;1
кто ставит импланты — ортопед или хирург?;1
с какого врача начать, если не знаю, что со зубами?;1
можно ли лечиться только у ортопеда?;1
почему нельзя сразу ставить коронку без лечения каналов?;1
как понять, что меня направили не к тому специалисту?;1
сколько болит после установки импланта?;1
какой отёк считается нормой?;1
через сколько можно курить после имплантации?;1
можно ли спасти имплант при периимплантите?;1
можно ли ставить импланты при тяжёлом остеопорозе?;1
остеопороз — это всегда противопоказание к имплантации?;1
через сколько после начала лечения остеопороза можно ставить импланты?;1
быстрее ли теряются зубы при остеопорозе?;1
1. отбеливание с калия-нитратом (профилактика);1
2. led-лазер без нагрева (cold light);1
3. низкая концентрация карбамида для домашнего ношения;1
4. отбеливание с ионом кальция и фтором (mi);1
сколько длится чувствительность после отбеливания?;1
кому отбеливание противопоказано?;1
что делать, если уже отбелился и зубы «звенят»?;1
можно ли отбелить зубы если уже стоят коронки?;1
через сколько после отбеливания можно ставить коронку?;1
отбеливание до или после протезирования — что важнее?;1
можно ли отбелить зубы перед винирами?;1
что делать если коронка не совпадает по цвету с отбелёнными зубами?;1
влияет ли отбеливание на зубы под коронкой?;1
вариант 1: отбелить живые зубы под цвет коронки;1
вариант 2: заменить коронку (переделать);1
вариант 3: косметическая коррекция;1
можно ли отбелить коронку из циркония?;1
можно ли отбелить металлокерамическую коронку?;1
можно ли отбелить временную коронку?;1
что делать, если коронка стала тёмной?;1
можно ли осветлить коронку профессионально?;1
временная коронка темнеет — это навсегда?;1
отбеливать ли живые зубы под цвет старых коронок?;1
безопасно ли отбеливание zoom 4?;1
можно ли отбелить один зуб zoom 4?;1
сколько держится результат после zoom 4?;1
можно ли делать zoom 4 при чувствительных зубах?;1
zoom 4 портит эмаль?;1
когда начинается отёк после имплантации?;1
что нельзя делать при отёке?;1
сколько дней держится отёк после синус-лифтинга?;1
отёк после имплантации — это признак отторжения?;1
когда отёк становится опасным?;1
нормально ли, что отёк переходит на глаз?;1
сколько дней нельзя летать в самолёте?;1
когда можно заниматься спортом?;1
можно ли исправить открытый прикус без брекетов?;1
в каком возрасте исправляют открытый прикус?;1
можно ли поставить коронки при открытом прикусе?;1
как быстро исправляется открытый прикус?;1
сколько длится лечение?;1
открытый прикус передаётся по наследству?;1
лечит ли стоматолог болезнь альцгеймера?;1
как лечить зубы пациенту с деменцией?;1
как часто пожилому с пародонтитом ходить к стоматологу?;1
нехирургическое лечение;1
хирургическое лечение;1
лечение пародонтита в клинике никитиной м.г.;1
сколько времени нужно на лечение пародонтита?;1
можно ли продолжать жевать обычную пищу?;1
кровоточит десна — это гингивит или пародонтит?;1
можно ли вылечить пародонтит полностью?;1
гингивит переходит в пародонтит всегда или не всегда?;1
как понять, что у меня не просто кровоточащая десна?;1
врачебная (клиническая);1
лабораторная;1
больно ли делать перебазировку?;1
как часто нужно делать перебазировку?;1
можно ли сделать перебазировку самостоятельно?;1
чем отличается перебазировка от починки протеза?;1
сколько длится привыкание после перебазировки?;1
влияет ли материал протеза на необходимость перебазировки?;1
консервативное лечение (мукозит и ранняя стадия);1
чем отличается периимплантит от мукозита?;1
можно ли ставить новый имплант после удаления?;1
как часто нужно проверять импланты?;1
чем чистить импланты?;1
чем периодонтит отличается от пульпита?;1
можно ли вылечить периодонтит без лечения каналов?;1
сколько длится лечение периодонтита?;1
что будет, если не лечить периодонтит?;1
периодонтит заразен?;1
помогают ли ополаскиватели при пародонтите?;1
когда зубы уже нельзя спасти?;1
акриловый пластиночный протез;1
нейлоновый пластиночный протез;1
acryfree (полиуретан);1
условно-съёмный пластиночный протез;1
чем пластиночный протез отличается от пластинчатого;1
можно ли есть с пластиночным протезом;1
пластиночный или нейлоновый протез — что лучше;1
сколько времени привыкают к пластиночному протезу;1
можно ли спать в пластиночном протезе;1
можно ли поставить пластмассовую коронку как постоянную?;1
больно ли ставить пластмассовую коронку?;1
чем отличается пластмассовая коронка от металлокерамической?;1
можно ли переставить пластмассовую коронку на другой зуб?;1
что делать, если пластмассовая коронка сломалась?;1
сколько можно ходить с выпавшей пломбой?;1
выпала пломба, но зуб не болит — надо ли идти?;1
почему выпала пломба без видимых причин?;1
можно ли восстановить зуб без сверления?;1
выпала пломба из зуба с нервом — что делать?;1
опасно ли глотнуть выпавшую пломбу?;1
можно ли поставить пломбу самому из аптеки?;1
больно ли ставить новую пломбу вместо выпавшей?;1
как понять, что пломба скоро выпадет?;1
сколько раз можно делать коррекцию одного протеза?;1
опасно ли терпеть натирание?;1
помогает ли крем от натирания?;1
натирает всегда в одном месте — почему?;1
осмотр и диагностика;1
санация полости рта;1
профессиональная гигиена;1
лечение дёсен;1
можно ли протезировать зубы, если есть воспаление десны?;1
обязательно ли удалять зуб мудрости перед протезированием?;1
нужно ли снимать старые коронки перед подготовкой?;1
сколько стоит подготовка к протезированию?;1
можно ли сделать протезирование, если беременна?;1
влияет ли курение на подготовку к протезированию?;1
сколько длится привыкание?;1
можно ли делать мрт с коронкой?;1
как часто менять коронку?;1
нужно ли лечить каналы перед каждой коронкой?;1
можно ли поставить коронку за один визит?;1
может ли подвижность зуба пройти сама?;1
шатаются все зубы — что это значит?;1
подвижность зуба при кариесе бывает?;1
можно ли протезировать подвижные зубы?;1
подвижный зуб можно вылечить или только удалить?;1
почему зуб стал подвижным без боли?;1
вернётся ли неподвижность после лечения?;1
абсолютные;1
относительные;1
когда нельзя ставить мостовидный протез?;1
можно ли ставить мост при пародонтите?;1
сколько опорных зубов нужно для моста?;1
ставят ли мост при бруксизме?;1
можно ли есть твёрдую пищу с мостом?;1
покрывной протез — это съёмный или несъёмный?;1
сколько имплантов нужно для покрывного протеза?;1
покрывной протез выпадает при разговоре или жевании?;1
что изнашивается в покрывном протезе?;1
как чистить покрывной протез?;1
можно ли оставить под протезом всего два корня?;1
почему не удаляют все корни сразу под полный протез?;1
all-on-4;1
all-on-6;1
покрывной протез на имплантах;1
что лучше при полной адентии: съёмный протез или импланты?;1
сколько имплантов нужно при полном отсутствии зубов?;1
можно ли поставить импланты при атрофии кости?;1
как долго привыкать к полному протезу?;1
останавливается ли атрофия кости после протезирования?;1
через сколько можно полоскать рот после удаления зуба?;1
можно ли полоскать рот содой после удаления?;1
почему нельзя полоскать рот в первый день?;1
хлоргексидин или мирамистин после удаления?;1
когда можно удалять зубной налёт рядом с лункой?;1
когда можно вернуться к обычному полосканию?;1
в лунке что-то белое — это нормально?;1
можно ли использовать ирригатор после удаления?;1
нужно ли полоскать, если удалили зуб мудрости?;1
сравнение цементов и время ожидания;1
можно ли пить воду после установки коронки?;1
когда можно чистить зубы после коронки?;1
через сколько можно есть после временной коронки?;1
что делать, если коронка давит или мешает?;1
как ухаживать за коронкой в первые месяцы?;1
зуб потемнел, но не болит — срочно к врачу?;1
поможет ли обычное отбеливание?;1
ребёнок ударился, зуб потемнел — что делать?;1
винир закроет тёмный зуб?;1
тёмный зуб — всегда мёртвый?;1
потемнел зуб мудрости — удалять?;1
может ли потемнеть зуб под виниром?;1
сколько привыкают к новому прикусу после коронок;1
можно ли самому понять, что прикус завышен;1
больно ли пришлифовывать коронку;1
пришлифовка уменьшит срок службы коронки;1
можно ли привыкнуть к завышению без врача?;1
через сколько после фиксации можно оценить прикус окончательно?;1
почему прикус «поплыл» через год после протезирования?;1
сколько заживает прикушенная щека?;1
чем мазать прикус внутри щеки?;1
ребёнок постоянно прикусывает щеку — это нормально?;1
прикусываю щеку во сне — что делать?;1
останется ли шрам после прикуса?;1
можно ли есть острое и кислое, пока заживает?;1
прикусил язык до крови — опасно ли?;1
можно ли мазать рану зелёнкой?;1
почему чаще прикусывается именно правая щека?;1
роль дефектов зубного ряда;1
сколы и завышенные реставрации;1
протезы и их роль;1
почему ранки во рту заживают быстрее кожи?;1
помогает ли облепиховое масло?;1
нужно ли удалять «мешочек» слизистой после частых травм?;1
когда белый цвет ранки опасен?;1
1. снятие анатомических оттисков;1
2. изготовление жёсткого базиса;1
3. нанесение прикусного валика;1
4. припасовка в полости рта;1
5. регистрация центрального соотношения;1
больно ли ставить прикусной шаблон?;1
сколько длится регистрация прикуса?;1
почему нельзя использовать мягкий восковой шаблон при полной адентии?;1
что будет, если прикус зарегистрирован неточно?;1
может ли привкус металла быть аллергией?;1
опасен ли гальванический ток во рту?;1
поможет ли отбеливание убрать привкус?;1
какая коронка точно не даст привкуса?;1
привкус появился через несколько лет — почему?;1
сколько служит протез-бабочка?;1
видно ли протез-бабочку при улыбке?;1
можно ли есть с протезом-бабочкой?;1
нужна ли обточка зубов под протез-бабочку?;1
когда лучше ставить протез-бабочку, а когда имплант?;1
сколько можно носить бабочку?;1
видно ли бабочку окружающим?;1
можно ли есть с бабочкой сразу после установки?;1
что делать, если бабочка сломалась?;1
протез на балке — съёмный или несъёмный?;1
сколько имплантов нужно для балочного протеза?;1
что лучше: балка или locator?;1
больно ли ставить протез на балке?;1
кому нельзя ставить протез на балке?;1
можно ли починить фиксацию самостоятельно?;1
какой крем для фиксации самый лучший?;1
поможет ли имплант улучшить фиксацию протеза?;1
сколько стоит перебазировка протеза?;1
почему протез держится утром лучше, чем вечером?;1
может ли протез «разболтаться» из-за потери веса?;1
помогает ли полоскание солёной водой фиксации?;1
чем отмыть жёлтый налёт с протеза?;1
почему на протезе появились тёмные пятна?;1
можно ли отбелить зубной протез?;1
как часто нужно чистить протез?;1
пятна на протезе — это опасно?;1
можно ли отбелить протез отбеливателем для зубов?;1
пятна возвращаются через неделю после чистки — почему?;1
кипятить протез для дезинфекции можно?;1
может ли скрип пройти сам?;1
опасно ли носить скрипящий протез?;1
чем отличается коррекция от перебазировки?;1
как часто нужна коррекция прикуса?;1
влияет ли материал протеза на скрип?;1
может ли скрип возникать из-за бруксизма?;1
можно ли ходить с треснутым протезом?;1
сколько стоит ремонт протеза?;1
что делать, если протез треснул пополам?;1
можно ли сделать протез, который не треснет?;1
сколько служит протез после ремонта?;1
гарантия распространяется на перелом?;1
можно ли предотвратить хрупкость акрила?;1
какой цвет зубов считается естественным?;1
можно ли выбрать более белый цвет протеза, чем свои зубы?;1
что такое шкала vita?;1
можно ли поменять цвет протеза позже?;1
влияет ли материал на цвет протеза?;1
можно ли выбрать белый как у звёзд?;1
почему протез совпал в клинике, а дома отличается?;1
темнеет ли съёмный протез от чая?;1
почему именно верхний протез падает чаще?;1
поможет ли больше фиксирующего крема?;1
можно ли переклеить протез дома бытовым клеем?;1
перебазировка или новый протез — как выбирают?;1
импланты для фиксации протеза — это дорого?;1
может ли протез выпасть ночью?;1
сколько времени занимает перебазировка?;1
верхний протез держится хуже нижнего — это закономерно?;1
1. съёмный полный протез (акриловый);1
2. съёмный протез на замках (telescopic crown dentures);1
3. протез на точных вкладках (precision attachments);1
4. протез на «замках кламмерах» (акриловый протез с металлической дугой и кламмерами);1
что долговечнее без имплантов?;1
можно ли потом перейти на импланты?;1
какой вариант выбрать при полном отсутствии зубов?;1
виниры без обточки — это безопасно?;1
сколько служат виниры без обточки?;1
больно ли ставить виниры без обточки?;1
правда ли что «без обточки» дороже?;1
можно ли потом перейти с вкладки на коронку?;1
что надёжнее — пломба или вкладка?;1
можно ли поставить коронку без обточки зуба?;1
что лучше — имплант или мост, если соседние зубы здоровы?;1
сколько держится адгезивный мост без обточки?;1
больно ли носить съёмный протез без обточки?;1
какой метод без обточки подходит для жевательного зуба?;1
делают ли виниры без обточки соседних зубов?;1
в каком возрасте лучше ставить all-on-4?;1
можно ли перейти со съёмного протеза на all-on-4?;1
какой протез лучше для пожилого человека с диабетом?;1
сколько держатся импланты all-on-4?;1
больно ли ставить all-on-4 пожилым людям?;1
что лучше выбрать при полном отсутствии зубов?;1
одиночная коронка на импланте;1
мост на имплантах;1
all-on-4 и all-on-6;1
почему съёмные протезы на нижней челюсти держатся хуже?;1
какой протез лучше для нижних передних зубов?;1
нужен ли ежедневный уход за съёмным протезом?;1
можно ли сочетать фиксированные и съёмные протезы на нижней челюсти?;1
требуется ли регулярное обследование после установки моста?;1
что делать при боли в челюсти после установки протеза?;1
какой материал лучше для переднего зуба — e-max или цирконий?;1
больно ли обтачивать передние зубы под коронку?;1
сколько служит керамическая коронка на передний зуб?;1
можно ли поставить винир вместо коронки?;1
будет ли коронка отличаться по цвету от соседних зубов?;1
можно ли ставить протез сразу после удаления зуба мудрости?;1
как долго заживает лунка после удаления зуба мудрости?;1
какие осложнения могут помешать протезированию?;1
нужно ли ставить протез после удаления зуба мудрости?;1
какой протез лучше выбрать после удаления?;1
можно ли ставить постоянные коронки во время беременности?;1
можно ли делать рентген зуба при беременности?;1
какая анестезия безопасна при беременности?;1
портит ли беременность зубы и коронки?;1
можно ли снимать слепки при беременности?;1
бюгельные протезы;1
нейлоновые протезы;1
мостовидные протезы;1
имплантация;1
можно ли спасти зубы, которые шатаются при пародонтите?;1
прослужат ли протезы при пародонтите?;1
можно ли ставить импланты при пародонтите в прошлом?;1
как часто посещать врача после протезирования?;1
циркониевые коронки и мосты;1
бюгельные протезы с шинированием;1
нейлоновые и acryfree протезы;1
можно ли ставить импланты при пародонтозе?;1
чем отличается протезирование при пародонтозе от обычного?;1
какие протезы лучше при пародонтозе?;1
можно ли обойтись без протезирования?;1
нужна ли коррекция протезов при пародонтозе?;1
усилит ли протез атрофию кости?;1
какой уровень сахара допустим для протезирования?;1
нужно ли предупреждать стоматолога о диабете?;1
какие протезы противопоказаны при диабете?;1
как ухаживать за протезами при диабете?;1
влияет ли диабет на срок службы протезов?;1
является ли вич противопоказанием к имплантации?;1
нужно ли сообщать стоматологу о вич?;1
какие протезы лучше при вич?;1
влияет ли вич на срок службы протезов?;1
быстро ли приживаются импланты при вич?;1
можно ли делать костную пластику при вич?;1
можно ли получить имплант по омс?;1
сколько ждать очередь на льготное протезирование?;1
если льготы нет — что дешевле?;1
лечили зубы по полису бесплатно, а коронку предложили платно — почему?;1
что входит в льготное зубопротезирование регионально?;1
можно ли получить льготу не по возрасту?;1
отказали в постановке на очередь — что делать?;1
как проверить клинику, куда дали направление?;1
положены ли льготы на починку уже стоящего протеза?;1
дают ли налоговый вычет за протезирование?;1
можно ли ставить коронки при пародонтозе?;1
будут ли держаться импланты при пародонтозе?;1
чем пародонтоз отличается от пародонтита?;1
нужно ли шинировать зубы перед протезированием?;1
как часто наблюдать зубы после протезирования?;1
насколько быстрее желтеют коронки у курящих?;1
как ухаживать за протезами курящему?;1
влияет ли курение на приживление импланта?;1
сколько нельзя курить после имплантации зуба?;1
стоит ли ехать ради экономии?;1
примут ли дома работу, сделанную в китае?;1
что реально дешевле;1
где экономия иллюзорна;1
гарантия китайской клиники работает в россии?;1
как проверить клинику заранее?;1
стоит ли совмещать отпуск и лечение?;1
какой город выбрать для стоматологического туризма?;1
нужна ли виза для лечения в китае?;1
как платить, чтобы была защита?;1
можно ли носить безнёбный протез сразу после установки?;1
мини-импланты для acryfree — это дорого?;1
всегда ли нужно снимать протезы на ночь?;1
помогают ли протезы при храпе?;1
как понять, что у меня апноэ, а не обычный храп?;1
протез на имплантах лучше для сна?;1
может ли новый протез усилить храп?;1
кто лечит апноэ: стоматолог или сомнолог?;1
помогает ли удаление «мешающих» зубов при храпе?;1
нужно ли менять протезы, чтобы лучше питаться?;1
какая еда подходит, пока нет протезов или они неудобные?;1
протезы на имплантах лучше для питания?;1
потеря веса у пожилого с протезами — это нормально?;1
можно ли есть яблоки и морковь с протезом?;1
как обеспечить достаточно белка при слабом жевании?;1
нужны ли витаминные добавки?;1
помогают ли жевательные конфеты «для тренировки»?;1
можно ли спать в протезах?;1
чем чистить протез?;1
помогают ли ополаскиватели?;1
как часто посещать стоматолога с протезами?;1
какой протез нового поколения лучше?;1
правда ли что новые протезы не нужно снимать?;1
полная адентия: как уйти от полного перекрытия;1
сколько служат протезы нового поколения?;1
дорого ли это «новое поколение»?;1
можно ли заменить старый акриловый протез сразу на новый?;1
какой протез выбрать при полном отсутствии зубов?;1
возраст — противопоказание?;1
что если врач сказал «нельзя» без альтернатив?;1
гипертония и кардиологические препараты;1
пародонтит;1
беременность;1
онкология в анамнезе?;1
эпилепсия — можно ли ставить несъёмные конструкции?;1
аллергия на металлы — что остаётся?;1
можно ли протезироваться при онкологии в анамнезе?;1
тремор рук или деменция у пожилого родственника — что выбрать?;1
что делать, если один врач запретил, а второй разрешил?;1
сколько длится привыкание к съёмному протезу?;1
нужно ли снимать протез на ночь?;1
как быстро восстанавливается дикция?;1
можно ли есть твёрдую пищу с протезом?;1
что делать, если протез мешает, и хочется его снять?;1
чем птеригоидные импланты отличаются от обычных?;1
птеригоидные импланты ставят вместо синус-лифтинга?;1
сколько служат птеригоидные импланты?;1
это болезненная операция?;1
кто проводит птеригоидную имплантацию в нижнем новгороде?;1
можно ли сделать птеригоидный имплант на одной стороне?;1
нужна ли костная пластика перед птеригоидной имплантацией?;1
больно ли лечить пульпит?;1
сколько визитов нужно для лечения пульпита?;1
сколько болит зуб после лечения каналов?;1
обязательно ли удалять нерв?;1
можно ли лечить пульпит за один день?;1
можно ли вылечить пульпит без удаления нерва?;1
почему после лечения каналов зуб потемнел?;1
гарантирует ли лечение каналов навсегда?;1
видны ли кламмеры quattroti на зубах?;1
сколько времени привыкать к протезу?;1
можно ли есть с протезом quattroti?;1
можно ли перебазировать протез quattroti?;1
белое пятно во рту — это всегда предрак?;1
как часто нужно осматривать слизистую?;1
поможет ли отказ от курения снизить риск?;1
может ли протез натирать и вызвать рак?;1
можно ли остановить рецессию без операции?;1
нужно ли закрывать рецессию, если ничего не болит?;1
больно ли закрывать корень десной?;1
помогает ли паста от чувствительности при рецессии?;1
десна вырастет обратно сама?;1
больно ли делать пластику десны?;1
можно ли остановить только сменой щётки?;1
восстанавливается ли десна после рецессии сама?;1
можно ли отбеливать при рецессии?;1
домашние каппы без контроля;1
роль исходного воспаления;1
помогают ли пасты «для чувствительных зубов» при оголённых шейках?;1
можно ли отбеливать один зуб, если остальные уже белые?;1
через сколько можно снова отбеливать?;1
опасна ли рецессия для здоровья зуба?;1
отбеливание портит эмаль навсегда?;1
почему у одного всё прошло спокойно, а у другого десна воспалилась?;1
можно ли склеить протез дома?;1
чем склеить треснувший протез до приёма врача?;1
сколько раз можно чинить один протез?;1
что делать, если протез треснул, а приём только через неделю?;1
можно ли отремонтировать нейлоновый протез?;1
чем опасна трещина в протезе?;1
куда обратиться, чтобы срочно отремонтировать протез?;1
можно ли отремонтировать протез без снятия с зуба?;1
сколько рентгеновских снимков можно делать в год?;1
опасен ли рентген для зубов при беременности?;1
почему перед имплантацией нужен клкт, а не обычный снимок?;1
панорамный снимок и клкт — в чём разница?;1
что дольше служит — пломба или реставрация?;1
можно ли реставрировать жевательный зуб?;1
что лучше — реставрация или винир на передний зуб?;1
можно ли не удалять ретинированный зуб мудрости?;1
больно ли удалять ретинированный зуб мудрости?;1
что будет, если ретинированный зуб не лечить?;1
чем опасен зуб мудрости при протезировании?;1
как долго заживает лунка после удаления?;1
какая щель считается допустимой?;1
может ли щель появиться сразу после установки?;1
опасно ли ходить со щелью без боли?;1
можно ли увидеть кариес под коронкой без рентгена?;1
можно ли есть перед седацией?;1
как быстро можно вернуться к обычной жизни?;1
седация подходит детям?;1
можно ли заснуть «не до конца»?;1
чем сэндвич-протез отличается от обычного акрилового?;1
можно ли сделать мягкий слой на уже готовом протезе?;1
больно ли жевать с сэндвич-протезом?;1
как понять, что мягкая подкладка требует замены?;1
можно ли спать в сэндвич-протезе?;1
как крепится сэндвич-протез?;1
это значит имплант не прижился?;1
сколько стоит подтянуть винт?;1
как предотвратить раскручивание?;1
как часто нужно проверять затяжку винтов?;1
коронку сняли для чистки — как быстро вернут?;1
может ли абатмент сломаться?;1
отличается ли лечение у разных систем имплантов?;1
терапевтическое лечение пародонтита;1
шинирование;1
лоскутные операции;1
лечение травмы;1
можно ли укрепить шатающийся зуб дома?;1
выпадет ли зуб, если он шатается?;1
шатается зуб после удара — что делать?;1
сколько стоит закрепить шатающийся зуб?;1
можно ли ставить протез на шатающиеся зубы?;1
стекловолоконное шинирование;1
шинирование коронками;1
шинирование бюгельным протезом;1
сколько держится шинирование зубов?;1
больно ли шинировать зубы?;1
можно ли есть после шинирования?;1
что лучше: шина или имплант?;1
сколько стоит шинирование зубов?;1
можно ли шинировать зубы при пародонтите в стадии обострения?;1
можно ли жевать шинирующим бюгелем?;1
сколько стоит шинирующий бюгельный протез?;1
как ухаживать за шинирующим бюгелем?;1
больно ли устанавливать?;1
подходит ли при аллергии на металл?;1
можно ли поставить шинирующий бюгель только на нижнюю челюсть?;1
что такое паяный мостовидный протез?;1
сколько служит штампованно-паяный мост?;1
почему штампованно-паяные мосты больше не делают?;1
можно ли переделать штампованно-паяный мост на цельнолитой?;1
чем силиконовый протез отличается от нейлонового?;1
сколько служит силиконовый протез?;1
силиконовый протез — это какой материал?;1
больно ли носить силиконовый протез?;1
кому нельзя ставить силиконовый протез?;1
всем ли нужен синус-лифтинг перед имплантацией на верхней челюсти?;1
какой синус-лифтинг лучше — открытый или закрытый?;1
через сколько можно ставить имплант после синус-лифтинга?;1
какие осложнения возможны после синус-лифтинга?;1
сколько стоит синус-лифтинг в нижнем новгороде?;1
можно ли ускорить изготовление коронки?;1
большую часть времени занимает лаборатория?;1
можно ли сделать коронку сразу без временной?;1
сколько делают коронку на имплант?;1
что делать, если временная коронка сломалась?;1
почему нужно приходить на примерку?;1
можно ли есть во время ношения временной коронки?;1
сколько дней изготавливают постоянные коронки в лаборатории?;1
можно ли ходить без зуба год и потом поставить имплант?;1
что если совсем нет возможности сделать протез?;1
правда ли, что после удаления зуба мудрости ничего делать не нужно?;1
как быстро нужно протезироваться после удаления?;1
что если удалили зуб, но денег на имплант нет?;1
можно ли откладывать протезирование пожилым?;1
когда пора менять металлокерамику?;1
что дороже в итоге — менять или беречь?;1
можно ли отремонтировать скол на металлокерамике?;1
металлокерамика или цирконий прослужит дольше?;1
влияет ли зубная паста на срок службы?;1
опасна ли старая коронка для организма?;1
что происходит с металлокерамикой при полёте в самолёте?;1
нужно ли менять все старые металлокерамические коронки?;1
можно ли продлить жизнь пломбы?;1
почему большая пломба живёт меньше?;1
больно ли менять пломбу?;1
видно ли на снимке кариес под пломбой?;1
временную коронку можно не ставить?;1
культевая вкладка всегда нужна?;1
почему смета в клинике отличается от «цены за коронку» на сайте?;1
что выгоднее — коронка или реставрация?;1
кому подходит скуловая имплантация?;1
больно ли делать скуловую имплантацию?;1
сколько служат скуловые импланты?;1
можно ли поставить скуловые импланты, если куришь?;1
сколько стоит скуловая имплантация в нижнем новгороде?;1
какой слепок точнее — силикон или сканер?;1
зачем две массы в двухслойной технике?;1
больно ли снимать слепок?;1
сколько хранится слепок?;1
можно ли делать коронку по старому слепку?;1
почему слепок снимают дважды?;1
почему утром слюна густая и тянется?;1
какие лекарства вызывают вязкую слюну?;1
густая слюна — признак диабета?;1
как быстро разжижить слюну?;1
влияет ли густая слюна на протезы?;1
белая густая слюна — это опасно?;1
почему после 60 лет слюна стала густой?;1
вязкая слюна со сладким привкусом — что это?;1
слюна как пена — это нормально?;1
правда ли, что со слюной протез держится хуже?;1
что делать, если протез держится плохо из-за сухости во рту?;1
помогает ли вода или полоскания?;1
почему первые недели со съёмным протезом «полон рот слюны»?;1
влияет ли слюна на срок службы протеза?;1
помогает ли больше пить воды при вязкой слюне?;1
больно ли снимать оттиск?;1
можно ли сделать оттиск при сильном рвотном рефлексе?;1
сколько по времени длится процедура?;1
почему оттиск нужно заливать сразу?;1
чем отличается абатмент от импланта?;1
какой абатмент лучше для передних зубов?;1
можно ли заменить абатмент без замены импланта?;1
какой абатмент выбрать?;1
может ли быть аллергия на титановый абатмент?;1
какая система имплантов лучше — osstem или straumann?;1
влияет ли страна производителя на качество имплантов?;1
какой срок службы имплантов osstem?;1
можно ли ставить импланты разных систем на одной челюсти?;1
что такое немедленная нагрузка на имплант?;1
сколько стоит имплант osstem под ключ в нижнем новгороде?;1
через сколько месяцев ставят коронку на имплант?;1
можно ли жевать на импланте до установки коронки?;1
что будет, если коронку поставить раньше срока?;1
сколько всего длится имплантация?;1
как понять, что имплант прижился?;1
как врач понимает, что имплант готов к нагрузке?;1
можно ли носить временный протез всё время приживления?;1
что происходит при преждевременной нагрузке?;1
какой средний срок службы виниров?;1
композитные виниры правда живут так мало?;1
есть ли гарантия на виниры?;1
можно ли продлить срок старым винирам?;1
срок вышел, но ничего не беспокоит — менять?;1
можно ли отбелить потемневшие виниры?;1
полировка продлевает жизнь композитным винирам?;1
сколько длится стоматит?;1
чем быстро вылечить стоматит во рту?;1
стоматит заразен?;1
что нельзя делать при стоматите?;1
связан ли стоматит с протезами?;1
безопасна ли анестезия при лечении зубов беременным?;1
можно ли делать рентген зубов во время беременности?;1
гингивит беременных — проходит ли сам после родов?;1
когда лучше решать зубные проблемы — до или после беременности?;1
контролируемое дыхание;1
сигнал стоп;1
седация — закись азота;1
объяснение каждого шага;1
можно ли лечить зубы под седацией — закисью азота?;1
как объяснить ребёнку, что нужно к стоматологу?;1
страх перед анестезией — нормально ли это?;1
что делать, если страх помешал лечению и зубы запущены?;1
при бруксизме;1
для дёсен;1
от сухости;1
может ли стресс вызвать кариес?;1
как понять, что у меня бруксизм?;1
помогает ли капа при бруксизме?;1
стоит ли откладывать протезирование в период стресса?;1
постоянная сухость во рту — это нормально?;1
к какому врачу идти при сухости во рту?;1
может ли сухость во рту быть симптомом диабета?;1
что делать, если сухость мешает носить протез?;1
помогает ли вода от сухости во рту?;1
сколько делают съёмный протез на один зуб;1
больно ли носить;1
можно ли есть в этом протезе;1
заметен ли протез на переднем зубе;1
можно ли жевать съёмным протезом на один зуб?;1
сколько раз можно ремонтировать бабочку?;1
что выбрать при потере переднего зуба навсегда?;1
цельнометаллические (кхс, нхс);1
цельнометаллические с керамическим покрытием;1
циркониевые (cad/cam);1
титановые;1
почему потемнела десна вокруг коронки?;1
может ли зуб под коронкой почернеть сразу после установки?;1
больна ли замена коронки?;1
что будет, если не менять потемневшую коронку?;1
как отличить налёт от потемнения коронки?;1
поможет ли отбеливание, если потемнел зуб под коронкой?;1
сколько держится коронка на temp bond?;1
можно ли жевать на коронке, зафиксированной временно?;1
чем temp bond отличается от постоянного цемента?;1
какие импланты лучше — титановые или циркониевые?;1
бывает ли аллергия на титан?;1
циркониевые импланты ставят всем?;1
циркониевые импланты дороже титановых?;1
можно ли поставить циркониевую коронку на титановый имплант?;1
можно ли ставить циркониевые импланты на жевательные зубы?;1
как узнать, есть ли аллергия на титан?;1
подготовка;1
временные коронки — тестовый период;1
постоянные конструкции;1
больно ли тотальное протезирование?;1
можно ли есть сразу после фиксации коронок?;1
нужно ли делать все зубы сразу?;1
как ухаживать за тотальным протезированием?;1
сколько служит тотальное протезирование?;1
сколько времени занимает dsd?;1
можно ли увидеть dsd до лечения?;1
можно ли чистить бюгель обычной зубной пастой?;1
сколько раз в день чистить бюгель?;1
нужно ли снимать бюгель на ночь?;1
что делать, если кламмер ослаб?;1
1. зубная щётка и паста;1
2. суперфлосс и флосс-нити;1
3. межзубные ёршики;1
4. ирригатор;1
можно ли чистить мост ирригатором каждый день?;1
сколько времени занимает чистка моста?;1
что делать, если мост шатается?;1
можно ли использовать зубную пасту с регидом?;1
можно ли использовать ирригатор с винирами;1
сколько служат виниры при правильном уходе;1
можно ли отбеливать виниры;1
можно ли с винирами есть яблоки и морковь;1
что делать, если винир скололся;1
меняют ли виниры цвет со временем?;1
что делать, если винир отклеился?;1
виниры темнеют у десны как металлокерамика?;1
зубы становятся чувствительнее с возрастом — это нормально?;1
какую пасту выбрать после 60: с фтором или без?;1
сухость во рту от лекарств — что делать?;1
как часто посещать стоматолога после 60?;1
уход за акриловым (пластмассовым) протезом;1
как правильно ухаживать за съёмными протезами?;1
как часто нужно чистить зубные протезы?;1
чем чистить протез в домашних условиях?;1
можно ли чистить несъёмные протезы ирригатором?;1
как ухаживать за протезом на имплантах?;1
можно ли отбеливать циркониевую коронку?;1
опасно ли попадание пищи под коронку?;1
нужна ли особенная паста?;1
можно ли чистить цирконий содой?;1
почему циркониевая коронка потускнела через годы?;1
нужно ли «отдыхать» от циркония ночью?;1
какой съёмный протез на верхнюю челюсть лучше?;1
долго ли привыкать к протезу верхней челюсти?;1
протез верхней челюсти на присосках — это работает?;1
можно ли спать с протезом верхней челюсти?;1
нормально ли, что верхний протез нужно снимать перед едой?;1
чихание и кашель сбрасывают протез?;1
правда ли, что присасывание слабеет с годами?;1
помогают ли полоски-герметики для протеза?;1
можно ли чихать и сморкаться с протезом?;1
влияют ли протезы на вкус?;1
можно ли целоваться с протезом?;1
сколько служит верхний протез?;1
болезненна ли установка прикусного шаблона?;1
сколько времени занимает работа с шаблоном?;1
можно ли изготовить протез без прикусного шаблона?;1
чем шаблон отличается от каппы?;1
нужно ли исправлять прикус перед протезированием?;1
влияет ли прикус на срок службы протезов?;1
можно ли исправить прикус после протезирования?;1
что делать при боли в суставе после протезирования?;1
какие коронки самые лучшие?;1
какие коронки самые прочные?;1
сколько служат зубные коронки?;1
коронки;1
мостовидные протезы (мосты);1
виниры;1
вкладки;1
коронки на имплантах и мосты на имплантах;1
полные съёмные протезы;1
частичные съёмные протезы;1
иммедиат-протезы (бабочки);1
протезы нового поколения;1
какие зубные протезы лучше всего?;1
какие зубные протезы самые дешёвые?;1
какие протезы ставят, если нет зубов совсем?;1
чем отличается несъёмный протез от съёмного?;1
сколько служит съёмный протез на нижней челюсти?;1
можно ли перенести протез с виниров на имплант?;1
уберут ли старую пломбу перед виниром?;1
держится ли винир на пломбировочном материале?;1
сколько виниров ставят, если пломбы на нескольких зубах?;1
пломба вылетела из-под винира — что делать?;1
можно ли винир на зуб после лечения каналов?;1
ставят ли два винира рядом, если пломбы на обоих?;1
нужно ли удалять нерв перед виниром на запломбированный зуб?;1
можно ли сделать безпрепарированный винир на любой эмали?;1
сколько стоит безпрепарированный винир в нижнем новгороде?;1
виниры вредны для зубов?;1
сколько ставят виниры?;1
больно ли ставить виниры?;1
можно ли отбелить зубы под винирами?;1
что дешевле — винир или коронка?;1
можно ли поставить виниры на все зубы сразу?;1
сколько держится винир на депульпированном зубе?;1
что дороже — виниры или коронки?;1
можно ли ставить виниры на жевательные зубы?;1
больно ли обтачивать зуб под винир или коронку?;1
что дольше служит — винир или коронка?;1
можно ли ставить виниры только на два передних зуба?;1
больно ли ставить виниры на передние зубы?;1
сколько виниров ставят обычно?;1
вредят ли виниры своим зубам?;1
можно ли поставить один винир на один тёмный зуб?;1
все ли протезы нагружают сустав?;1
можно ли вылечить дисфункцию внчс без операции?;1
связаны ли головные боли с протезами?;1
действительно ли меняется вкус после протезирования?;1
пропал вкус после коронок — нормально?;1
можно ли сделать протез без нёбного покрытия?;1
протез мешает вкусу совсем — повод для пересмотра?;1
пациент пьёт антидепрессанты. можно ли делать имплантацию?;1
может ли пародонтит сделать антидепрессант неэффективным?;1
нужно ли отменять антидепрессант перед операцией?;1
какие анализы сдать перед имплантацией?;1
сколько стоит внутриротовое сканирование?;1
больно ли делать сканирование?;1
можно ли сканировать при металлокерамике и коронках?;1
зачем сканировать, если можно сделать обычный слепок?;1
подходит ли детям?;1
нужна ли специальная подготовка?;1
может ли воспаление пройти само?;1
чем полоскать, чтобы снять воспаление?;1
воспалилась десна после установки новой коронки — норма?;1
чем отличается воспаление над коронкой от под коронкой?;1
можно ли греть воспалённую десну?;1
нужно ли снимать коронку при воспалении?;1
через сколько после лечения пройдёт воспаление?;1
если коронка стоит давно, а десна воспалилась?;1
что лучше: коронка или имплант на один зуб?;1
можно ли восстановить один зуб без обточки соседних?;1
сколько времени занимает восстановление одного зуба?;1
что надёжнее: мост или имплант?;1
больно ли ставить коронку или имплант?;1
какой метод восстановления зуба выбрать, если бюджет ограничен?;1
больно ли ставить штифт?;1
сколько служит зуб на штифте?;1
может ли штифт выпасть?;1
какой штифт лучше — стекловолоконный или анкерный?;1
можно ли делать мрт с металлическим штифтом?;1
что делать, если зуб на штифте болит?;1
акриловые (прямой метод);1
композитные (прямой метод);1
cad/cam (непрямой метод);1
можно ли есть в иммедиат-протезе?;1
больно ли носить временный протез?;1
можно ли поставить имплант вместо постоянного протеза после временного?;1
сколько визитов нужно для временного протеза?;1
можно ли носить временный протез ночью после первой недели?;1
почему зубы выпадают без боли?;1
выпадают ли зубы от кариеса?;1
можно ли укрепить шатающийся зуб?;1
что делать, если зуб выпал из-за удара?;1
как восстановить выпавший зуб?;1
можно ли приклеить коронку на зубную пасту?;1
боль под коронкой — это нормально после того, как она выпала?;1
что делать, если коронка выпала, а зуб под ней чёрный?;1
можно ли поставить выпавшую коронку обратно?;1
сколько можно ходить без выпавшей коронки?;1
если коронка выпала ночью, а запись к врачу только через неделю?;1
стираемость эмали;1
потеря зубов;1
клиновидные дефекты;1
временные конструкции;1
что будет, если не восстанавливать высоту прикуса?;1
сколько держится восстановленная высота?;1
можно ли поднять прикус только на одной стороне?;1
нужна ли костная пластика при восстановлении высоты?;1
может ли высота прикуса снова снизиться?;1
сколько времени занимает восстановление высоты?;1
можно ли восстановить прикус без имплантов?;1
японский протез — это лучше обычного?;1
из чего делают японский протез?;1
сколько служит японский протез?;1
почему японские протезы дороже?;1
кому подходит японский протез?;1
обязательно ли чистить язык?;1
что лучше — скребок или щётка?;1
можно ли повредить язык скребком?;1
помогает ли чистка языка при запахе изо рта?;1
нужно ли чистить язык при протезах?;1
можно ли чистить язык зубной щёткой с пастой?;1
почему после чистки языка быстро снова тёмный?;1
чистить язык беременным можно?;1
обязательно ли восстанавливать один потерянный зуб?;1
имплант — это больно?;1
сколько живёт имплант?;1
можно ли ставить имплант сразу после удаления зуба?;1
имплант ощущается как свой зуб?;1
имплант болит как свой зуб?;1
с какого возраста можно ставить имплант?;1
сколько стоит замена коронки на зуб?;1
больно ли менять коронку?;1
можно ли снять коронку и поставить новую на тот же зуб?;1
сколько времени занимает замена коронки?;1
когда нужна замена коронки после имплантации?;1
запах из-под коронки — признак того, что коронку нужно менять?;1
помогают ли ополаскиватели убрать запах навсегда?;1
можно ли самому снять коронку, если она шатается?;1
пахнет всегда только из-под коронки, или причиной может быть зуб без коронки?;1
могут ли болезни дёсен вызвать инфаркт?;1
лечение зубов при диабете безопасно?;1
можно ли лечить зубы во время беременности?;1
правда ли что больной зуб вызывает болезни сердца?;1
зуб мудрости без симптомов может влиять на здоровье?;1
как часто нужно проверять полость рта при диабете?;1
видно ли золотую коронку при разговоре?;1
не вредно ли золото для здоровья?;1
что лучше — золото или цирконий на жевательные зубы?;1
сколько служит золотая коронка?;1
может ли зуб под коронкой сгнить полностью?;1
через сколько лет под коронкой начинается кариес?;1
нужно ли менять коронку, если зуб пролечили?;1
что будет, если не лечить гниющий зуб под коронкой?;1
можно ли вылечить кариес не снимая коронку?;1
как часто проверять зуб под коронкой?;1
методы восстановления в зависимости от разрушения;1
большой кариес — удалять или лечить?;1
сломался зуб под корнем — что делать?;1
зуб мудрости — лечить или удалять?;1
удалён зуб — сколько можно ходить без восстановления?;1
что выгоднее — лечить зуб или удалить и поставить имплант?;1
болит зуб после лечения — удалять?;1
ультразвуковая чистка — базовый метод;1
air flow — финишная полировка;1
лазерная чистка;1
больно ли удалять зубной камень?;1
как часто нужно удалять зубной камень?;1
может ли камень появиться под протезом?;1
влияет ли камень на приживление импланта?;1
зубной камень — это то же самое, что налёт?;1
можно ли налёт питьевой водой промыть?;1
сколько времени нужно на чистку налёта?;1
можно ли убрать налёт с зубов в домашних условиях?;1
чем отличается зубной налёт от зубного камня?;1
почему налёт быстро появляется, даже если чищу зубы?;1
как часто нужно делать профессиональную чистку?;1
накапливается ли налёт на коронках и протезах?;1
съёмные протезы из нейлона и acryfree;1
бюгельные протезы с замками;1
протезы на имплантах (all-on-4, покрывные);1
мини-импланты для фиксации съёмных протезов;1
какие протезы лучше всего подходят для пожилых людей?;1
можно ли ставить импланты после 70 лет?;1
сколько привыкают к съёмным протезам после 60 лет?;1
что делать, если протез натирает десну?;1
как часто нужно менять протезы после 60 лет?;1
можно ли носить протезы постоянно, не снимая?;1
какой зуб называется шестёркой?;1
сколько зубов у взрослого человека?;1
почему стоматологи используют цифры, а не названия?;1
что значит «зуб 48» в направлении на удаление?;1
нумерация зубов у детей отличается?;1
можно ли самому определить номер своего зуба?;1
можно ли ставить импланты после 60–70 лет?;1
почему после 50 чаще болят не кариесом?;1
стоит ли протезироваться в 75+?;1
voprosov;1
stomatologu;1
ortopedu;1
acetalovyj;1
protez;1
acryfree;1
quattrotii;1
adgezivnyj;1
mostovidnyj;1
ortopedicheskoy;1
stomatologii;1
akrilovyj;1
alkogol;1
zdorove;1
polosti;1
allergiya;1
metall;1
stomatologiya;1
alternativy;1
syomnym;1
protezam;1
anesteziya;1
implantacii;1
antikoagulyanty;1
artrit;1
visochno;1
nizhnechelyustnogo;1
sustava;1
atrofiya;1
kostnoj;1
tkani;1
chelyusti;1
attachmeny;1
bazalnaya;1
implantaciya;1
bezmetallovye;1
koronki;1
bisfosfonaty;1
osteonekroz;1
bolit;1
chelyust;1
posle;1
protezirovaniya;1
mudrosti;1
koronkoj;1
plomboy;1
delat;1
udaleniya;1
nakusyvanii;1
bolno;1
menyat;1
obachivat;1
stavit;1
koronku;1
bruksizm;1
protezirovanie;1
byugelnyj;1
semnyj;1
klammery;1
zamkah;1
crown;1
denture;1
celnolitoy;1
chastichno;1
chistit;1
zubnye;1
protezy;1
otlichaetsya;1
cherez;1
skolko;1
implantatsii;1
cherneet;1
desna;1
vokrug;1
luchshe;1
implant;1
polezno;1
zubov;1
takoe;1
prototipy;1
stomatologa;1
vredno;1
ciprovoy;1
dizayn;1
ulybki;1
cirkonievye;1
cirkonij;1
metallokeramika;1
czirkonievyj;1
dentofobiya;1
lechenie;1
straha;1
opuhla;1
otoshla;1
dezinfektsiya;1
proteza;1
diabet;1
plyusy;1
minusy;1
eroziya;1
emali;1
chuvstvitelnost;1
etapy;1
izgotovleniya;1
mostovidnogo;1
first;1
visit;1
fluks;1
opuhol;1
desne;1
formirovatel;1
desny;1
zubnoy;1
paste;1
galitoz;1
geneticheskoe;1
testirovanie;1
apoe4;1
gingivit;1
krovotochivost;1
desen;1
gnotologiya;1
diagnostika;1
golovnaya;1
vnchs;1
hrustit;1
planirovaniya;1
immediat;1
pokazaniya;1
prizhilsya;1
shataetsya;1
klyuch;1
vizitov;1
implantat;1
vypal;1
implantatsiya;1
kurenii;1
parodontite;1
saharnom;1
diabete;1
implanty;1
protivopokazaniya;1
sroki;1
irrigator;1
zubnaya;1
shtushka;1
izgotovlenie;1
akrilovogo;1
kachestvo;1
zhizni;1
protezami;1
chasto;1
poseshchat;1
semnye;1
krepitsya;1
koronka;1
implante;1
portitsya;1
pravilno;1
privyknut;1
semnym;1
verhnemu;1
protezu;1
snyat;1
zubnuyu;1
vybrat;1
material;1
stomatologiyu;1
schetku;1
vyglyadit;1
litso;1
kakie;1
kalcij;1
vzroslym;1
kandidoz;1
kappy;1
bruksizma;1
keramicheskaya;1
keramicheskie;1
kompozitnye;1
viniry;1
vkladki;1
kislaya;1
slyuna;1
prichiny;1
kitajskie;1
klammera;1
byugelnykh;1
protezov;1
pered;1
protezirovaniem;1
koncevoj;1
defekt;1
zubnogo;1
ryada;1
korega;1
zubnyh;1
koren;1
cirkonievaya;1
otzyvy;1
dioksida;1
cirkoniya;1
metallokeramicheskaya;1
peredniy;1
zhivoj;1
desnu;1
skololas;1
temnee;1
sosednego;1
vremennaya;1
vizit;1
cersec;1
zhevatelnyh;1
kostnaya;1
plastika;1
implantatsiej;1
kraevoe;1
prileganie;1
fiksatsii;1
kserostomiya;1
kultevaya;1
vkladka;1
kurenie;1
lazernaya;1
lazerno;1
kariesa;1
lyuminary;1
metallokeramicheskij;1
mikroprotezirovanie;1
implantah;1
mozhno;1
sohranit;1
protezom;1
implantami;1
koronkami;1
naraschivanie;1
natirayet;1
navigacionnaya;1
nejlon;1
acrifree;1
akril;1
kakoj;1
nejlonovyj;1
odnogo;1
neyroseti;1
analiza;1
snimkov;1
nizhnij;1
obtochka;1
odnomomentnaya;1
ogolilas;1
shejka;1
okklyuziya;1
pravilnoe;1
smykanie;1
ortodontiya;1
vzroslyh;1
ortoped;1
terapevt;1
stomatolog;1
oslozhneniya;1
osteoporoz;1
otbelivanie;1
chuvstvitelnosti;1
koronok;1
otkrytyy;1
prikus;1
parodontit;1
bolezn;1
altsgeymera;1
nuzhno;1
otlichit;1
patologicheskaya;1
stiraemost;1
pediatricheskaya;1
perebazirovka;1
periimplantit;1
periodontit;1
plastinochnye;1
plastmassovaya;1
plomba;1
vypala;1
pochemu;1
natiraet;1
podgotovka;1
protezirovaniyu;1
ustanovke;1
materialy;1
podvizhnost;1
mostovidnomu;1
pokryvnoy;1
polnaya;1
adenitya;1
poloskanie;1
ustanovki;1
potemnel;1
prikusil;1
scheku;1
sheku;1
iznutri;1
prikusnoy;1
shablon;1
zhestkom;1
bazise;1
privkus;1
metalla;1
babochka;1
balke;1
ploho;1
derzhitsya;1
pyatna;1
skripit;1
zhevanii;1
tresnul;1
tsvet;1
vypadaet;1
implantov;1
obtachki;1
obtochki;1
sosednikh;1
pozhilykh;1
nizhnikh;1
sravnenie;1
perednih;1
beremennosti;1
parodontoze;1
kuryashchih;1
kitae;1
apnoe;1
pitanie;1
pozhilyh;1
pnevmoniya;1
novogo;1
pokoleniya;1
psikhologicheskaya;1
adaptatsiya;1
pterigoidnye;1
pulpit;1
skrining;1
predrakovye;1
sostoyaniya;1
recessiya;1
ogolenie;1
kornya;1
rekcessiya;1
otbelivaniya;1
remont;1
rentgen;1
restavratsiya;1
retinirovannyj;1
schel;1
mezhdu;1
zubom;1
sedatsiya;1
narkoz;1
sendvich;1
shinirovanie;1
shiniruyushchij;1
byugel;1
shtampovanno;1
payanyj;1
silikonovyj;1
sinus;1
lifting;1
delayut;1
hodit;1
sluzhit;1
metallokeramiki;1
stoit;1
skulovaya;1
slepki;1
ortopedii;1
gustaya;1
snyatie;1
ottiska;1
alginatnoy;1
massoy;1
sovremennye;1
abatmenty;1
sistem;1
okonchatelnoy;1
nagruzki;1
sluzhby;1
vinirov;1
stomatit;1
stomatologicheskiy;1
strakh;1
preyt;1
stress;1
suhost;1
syonmyj;1
teleskopicheskie;1
temneet;1
titan;1
totalnoe;1
tsifrovaya;1
ulibka;1
byugelnym;1
mostom;1
vinirami;1
zubami;1
zubnymi;1
ukhod;1
polostyu;1
dokazatelnye;1
rekomendatsii;1
verhnij;1
verhniy;1
prisoskah;1
prikusnykh;1
shablonov;1
prikusov;1
vliyanie;1
vinir;1
plombe;1
priparerovaniya;1
perednie;1
nizhnechelyustnoj;1
sustav;1
vospaleniya;1
metabolizm;1
psikhotropnykh;1
preparatov;1
vzglyad;1
vnutrirotovoe;1
skanirovanie;1
vospalenie;1
vosstanovlenie;1
metody;1
shtifte;1
polnom;1
razrushenii;1
koronkovoy;1
chasti;1
protoko;1
vremennye;1
zachem;1
nuzhny;1
vremennyj;1
nosit;1
vypadenie;1
vysota;1
prikusa;1
yaponskij;1
yazyk;1
nuzhen;1
zamena;1
zapah;1
organizm;1
zolotye;1
zhevatelnye;1
gniet;1
udalyat;1
vosstanavlivat;1
zubnoj;1
kamen;1
nalet;1
nomeram;1